name,status,chassis_type,service_type,device_type,toposite_name,site_name,ICO01
ACTU80005,O/L,air-ct7510-1k-k9,LAN VPN,WIRELESS_ACCESS_POINT,ACTU80005,"12, test",673542
AEZE80007,O/L,air-ap1041n-a-k9,LAN VPN,WIRELESS_ACCESS_POINT,AEZE80007,2273_ARG_Trist†n Su†rez_001,673542
AHWK80005,O/L,air-ap1232ag-a-k9,LAN VPN,WIRELESS_ACCESS_POINT,AHWK80005,Test00001,673542
KAMS30012,O/L,ws-c3550-48-smi,LAN VPN,SWITCH,,123456,673542
KASJ80001,O/L,ws-c2960-48tc-s,LAN VPN,CUSTOMER_ACCESS_SWITCH,KASJ80001,Test_Mr_Oct,673542
KASJ80002,O/L,ws-c2960-48tt-s,LAN VPN,CUSTOMER_ACCESS_SWITCH,KASJ80002,Test_Mr_Oct,673542
KASJ80003,O/L,ws-c2960-48tc-s,LAN VPN,CUSTOMER_ACCESS_SWITCH,KASJ80003,Test_Mr_Oct,673542
KASJ80004,O/L,ws-c2960-48tt-s,LAN VPN,CUSTOMER_ACCESS_SWITCH,KASJ80004,Test_Mr_Oct,673542
KBER30019,O/L,ws-c2960-48tc-s,LAN VPN,CUSTOMER_ACCESS_SWITCH,KBER30019,wew_436036_DUP,673542
KBER30021,O/L,ws-c2960x-48lpd-l,LAN VPN,CUSTOMER_ACCESS_SWITCH,KBER30021,wew_436036_DUP,673542
KBER30022,O/L,ws-c2960-48tc-s,LAN VPN,CUSTOMER_ACCESS_SWITCH,KBER30022,wew_436036_DUP,673542
KBER30023,O/L,ws-c2960-48tc-s,LAN VPN,CUSTOMER_ACCESS_SWITCH,KBER30023,wew_436036_DUP,673542
KBER30024,O/L,ws-c2960-48tc-s,LAN VPN,CUSTOMER_ACCESS_SWITCH,KBER30024,wew_436036_DUP,673542
KBER30025,O/L,ws-c2960-48tc-s,LAN VPN,CUSTOMER_ACCESS_SWITCH,KBER30025,wew_436036_DUP,673542
KBER30026,O/L,ws-c3550-48-smi,LAN VPN,CUSTOMER_ACCESS_SWITCH,KBER30026,673542_DEU_Oberkochen_001,673542
KBER80004,O/L,ws-c2960-48tc-s,LAN VPN,CUSTOMER_ACCESS_SWITCH,KBER80004,wew_436036_DUP,673542
KBER80010,O/L,ws-c2960-48tc-s,LAN VPN,CUSTOMER_ACCESS_SWITCH,KBER80010,wew_436036_DUP,673542
KBER80012,O/L,ws-c2960-48tc-s,LAN VPN,CUSTOMER_ACCESS_SWITCH,KBER80012,wew_436036_DUP,673542
KBER80014,O/L,ws-c2960-48tc-s,LAN VPN,CUSTOMER_ACCESS_SWITCH,KBER80014,wew_436036_DUP,673542
KBER80017,O/L,ws-c2960-48tc-s,LAN VPN,CUSTOMER_ACCESS_SWITCH,KBER80017,wew_436036_DUP,673542
KBIO30001,O/L,ws-c2960-24tc-s,LAN VPN,CUSTOMER_ACCESS_SWITCH,KBIO30001,CIS0124458,673542
KBOM1174,O/L,ws-c2960c-8pc-l,LAN VPN,CUSTOMER_ACCESS_SWITCH,KBOM1174,Mora_313,673542
KBOM1210,O/L,air-ap1562e-k-k9,LAN VPN,CUSTOMER_ACCESS_SWITCH,KBOM1210,673542_IND_Mumbai_MIG2054,673542
KCTU80003,O/L,ws-c2960-48tc-s,LAN VPN,CUSTOMER_ACCESS_SWITCH,KCTU80003,"12, test",673542
KCTU80004,O/L,ws-c2950-12,LAN VPN,CUSTOMER_ACCESS_SWITCH,KCTU80004,"12, test",673542
KCTU80006,O/L,ws-c2950-12,LAN VPN,CUSTOMER_ACCESS_SWITCH,KCTU80006,"12, test",673542
KDEL1183,O/L,air-ap1200,LAN VPN,CUSTOMER_ACCESS_SWITCH,KDEL1183,673542_AUS_Roselands_001,673542
KDEL1184,O/L,air-ap1242g-a-k9,LAN VPN,CUSTOMER_ACCESS_SWITCH,KDEL1184,673542_AUS_Roselands_001,673542
KEZE80002,O/L,ws-c2960-48tc-s,LAN VPN,CUSTOMER_ACCESS_SWITCH,KEZE80002,2273_ARG_Trist†n Su†rez_001,673542
KEZE80003,O/L,ws-c2960-48tt-s,LAN VPN,CUSTOMER_ACCESS_SWITCH,KEZE80003,2273_ARG_Trist†n Su†rez_001,673542
KEZE80005,O/L,ws-c2960-24tc-s,LAN VPN,CUSTOMER_ACCESS_SWITCH,KEZE80005,2273_ARG_Trist†n Su†rez_001,673542
KEZE80006,O/L,ws-c2912mf-xl,LAN VPN,CUSTOMER_ACCESS_SWITCH,KEZE80006,2273_ARG_Trist†n Su†rez_001,673542
KEZE80008,O/L,ws-c2960-24tc-s,LAN VPN,CUSTOMER_ACCESS_SWITCH,KEZE80008,2273_ARG_Trist†n Su†rez_001,673542
KGNE30001,O/L,ws-c3550-48-smi,LAN VPN,CUSTOMER_ACCESS_SWITCH,KGNE30001,673542_BEL_Ghent_00001,673542
KHLV30005,O/L,ws-c2960-24tc-s,LAN VPN,CUSTOMER_ACCESS_SWITCH,KHLV30005,673542_AUS_Portsmith_001,673542
KHLV30006,O/L,ws-c2940-8tf-s,LAN VPN,CUSTOMER_ACCESS_SWITCH,KHLV30006,673542_AUS_Portsmith_001,673542
KHLV30007,O/L,ws-c2940-8tf-s,LAN VPN,CUSTOMER_ACCESS_SWITCH,KHLV30007,673542_AUS_Portsmith_001,673542
KHLV30008,O/L,ws-c2960-24tc-s,LAN VPN,CUSTOMER_ACCESS_SWITCH,KHLV30008,673542_AUS_Portsmith_001,673542
KHLV30010,O/L,ws-c2960-24tc-s,LAN VPN,CUSTOMER_ACCESS_SWITCH,KHLV30010,673542_AUS_Portsmith_001,673542
KHLV30013,O/L,ws-c4948e-s,LAN VPN,CUSTOMER_ACCESS_SWITCH,KHLV30013,673542_AUS_Portsmith_001,673542
KHWK30013,O/L,ws-c4948e-s,LAN VPN,CUSTOMER_ACCESS_SWITCH,KHWK30013,Test00001,673542
KHWK30014,O/L,ws-c4948e-s,LAN VPN,CUSTOMER_ACCESS_SWITCH,KHWK30014,Test00001,673542
KHWK30015,O/L,ws-c2960-48tc-s,LAN VPN,CUSTOMER_ACCESS_SWITCH,KHWK30015,Test00001,673542
KHWK30016,O/L,ws-c4948e-s,LAN VPN,CUSTOMER_ACCESS_SWITCH,KHWK30016,Test00001,673542
KHWK30017,O/L,ws-c4948e-s,LAN VPN,CUSTOMER_ACCESS_SWITCH,KHWK30017,Test00001,673542
KHWK30018,O/L,ws-c4948e-s,LAN VPN,CUSTOMER_ACCESS_SWITCH,KHWK30018,Test00001,673542
KHWK30019,O/L,ws-c2940-8tf-s,LAN VPN,CUSTOMER_ACCESS_SWITCH,KHWK30019,Test00001,673542
KHWK30020,O/L,ws-c4948e-s,LAN VPN,CUSTOMER_ACCESS_SWITCH,KHWK30020,Test00001,673542
KHWK30021,O/L,ws-c4948e-s,LAN VPN,CUSTOMER_ACCESS_SWITCH,KHWK30021,Test00001,673542
KHWK30026,O/L,ws-c2960-48tc-s,,CUSTOMER_ACCESS_SWITCH,KHWK30026,Test00001,673542
KHWK30027,O/L,ws-c2960x-24td-l,,CUSTOMER_ACCESS_SWITCH,KHWK30027,Test00001,673542
KHWK30028,O/L,ws-c2960x-24td-l,,CUSTOMER_ACCESS_SWITCH,KHWK30028,Test00001,673542
KHWK30029,O/L,ws-c2960-24pc-s,,CUSTOMER_ACCESS_SWITCH,KHWK30029,Test00001,673542
KHWK80001,O/L,ws-c2960-48tc-s,LAN VPN,CUSTOMER_ACCESS_SWITCH,KHWK80001,Test00001,673542
KHWK80003,O/L,ws-c2960c-8pc-l,LAN VPN,CUSTOMER_ACCESS_SWITCH,KHWK80003,Test00001,673542
KHWK80006,O/L,ws-c2960c-8pc-l,LAN VPN,CUSTOMER_ACCESS_SWITCH,KHWK80006,Test00001,673542
KHWK80007,O/L,ws-c2960c-8pc-l,LAN VPN,CUSTOMER_ACCESS_SWITCH,KHWK80007,Test00001,673542
KHWK80009,O/L,ws-c2960-24-s,LAN VPN,CUSTOMER_ACCESS_SWITCH,KHWK80009,Test00001,673542
KHWK80010,O/L,ws-c2960-24-s,LAN VPN,CUSTOMER_ACCESS_SWITCH,KHWK80010,Test00001,673542
KHWK80011,O/L,ws-c2960c-8pc-l,LAN VPN,CUSTOMER_ACCESS_SWITCH,KHWK80011,Test00001,673542
KHWK80012,O/L,ws-c2960-24-s,LAN VPN,CUSTOMER_ACCESS_SWITCH,KHWK80012,Test00001,673542
KKNU80003,O/L,ws-c2960c-8pc-l,LAN VPN,CUSTOMER_ACCESS_SWITCH,KKNU80003,123123123,673542
KKNU80004,O/L,ws-c2960-48tc-s,LAN VPN,CUSTOMER_ACCESS_SWITCH,KKNU80004,123123123,673542
KKNU80006,O/L,ws-c2960-48tc-s,LAN VPN,CUSTOMER_ACCESS_SWITCH,KKNU80006,123123123,673542
KLRT80005,O/L,ws-c4948e-s,LAN VPN,CUSTOMER_ACCESS_SWITCH,KLRT80005,_DEDUP_661603_FRA_Lorient_00001_DEDUP_,673542
KMUC30085,O/L,ws-c2960-24tc-l,LAN VPN,CUSTOMER_ACCESS_SWITCH,KMUC30085,test,673542
KOSS80001,O/L,ws-c2960-8tc-s,LAN VPN,CUSTOMER_ACCESS_SWITCH,KOSS80001,Test Customer,673542
KOSS80002,O/L,ws-c2960-24lt-l,LAN VPN,CUSTOMER_ACCESS_SWITCH,KOSS80002,Test Customer,673542
KOSS80003,O/L,ws-c2960-24tc-s,LAN VPN,CUSTOMER_ACCESS_SWITCH,KOSS80003,Test Customer,673542
KPAR30005,O/L,ws-c4948e-s,LAN VPN,CUSTOMER_ACCESS_SWITCH,KPAR30005,60274_FRA_Paris_001,673542
KQRH30001,O/L,ws-c3550-48-smi,LAN VPN,CUSTOMER_ACCESS_SWITCH,KQRH30001,673542_NLD_Schiphol_001,673542
KSYD30004,O/L,ws-c4948e-s,LAN VPN,CUSTOMER_ACCESS_SWITCH,KSYD30004,673542_AUS_Roselands_001,673542
KSYD30006,O/L,ws-c4948e-s,LAN VPN,CUSTOMER_ACCESS_SWITCH,KSYD30006,673542_AUS_Roselands_001,673542
KSYD30007,O/L,ws-c4948e-s,LAN VPN,CUSTOMER_ACCESS_SWITCH,KSYD30007,673542_AUS_Roselands_001,673542
KSYD30008,O/L,ws-c4948e-s,LAN VPN,CUSTOMER_ACCESS_SWITCH,KSYD30008,673542_AUS_Roselands_001,673542
KSYD30009,O/L,ws-c4948e-s,LAN VPN,CUSTOMER_ACCESS_SWITCH,KSYD30009,673542_AUS_Roselands_001,673542
KSYD30010,O/L,ws-c4948e-s,LAN VPN,CUSTOMER_ACCESS_SWITCH,KSYD30010,673542_AUS_Roselands_001,673542
KSYD30011,O/L,ws-c4948e-s,LAN VPN,CUSTOMER_ACCESS_SWITCH,KSYD30011,673542_AUS_Roselands_001,673542
KSYD30012,O/L,ws-c4948e-s,LAN VPN,CUSTOMER_ACCESS_SWITCH,KSYD30012,673542_AUS_Roselands_001,673542
KSYD30014,O/L,ws-c4948e-s,LAN VPN,CUSTOMER_ACCESS_SWITCH,KSYD30014,673542_AUS_Roselands_001,673542
KSYD30015,O/L,ws-c4948e-s,LAN VPN,CUSTOMER_ACCESS_SWITCH,KSYD30015,673542_AUS_Roselands_001,673542
KSYD30016,O/L,ws-c2940-8tf-s,LAN VPN,CUSTOMER_ACCESS_SWITCH,KSYD30016,673542_AUS_Roselands_001,673542
KSYD30017,O/L,ws-c2940-8tf-s,LAN VPN,CUSTOMER_ACCESS_SWITCH,KSYD30017,673542_AUS_Roselands_001,673542
KSYD30019,O/L,ws-c2940-8tf-s,LAN VPN,CUSTOMER_ACCESS_SWITCH,KSYD30019,673542_AUS_Roselands_001,673542
KSYD30020,O/L,ws-c2940-8tf-s,LAN VPN,CUSTOMER_ACCESS_SWITCH,KSYD30020,673542_AUS_Roselands_001,673542
KSYD30021,O/L,ws-c2940-8tf-s,LAN VPN,CUSTOMER_ACCESS_SWITCH,KSYD30021,673542_AUS_Roselands_001,673542
KSYD30022,O/L,ws-c2940-8tf-s,LAN VPN,CUSTOMER_ACCESS_SWITCH,KSYD30022,673542_AUS_Roselands_001,673542
KSYD30023,O/L,ws-c2940-8tf-s,LAN VPN,CUSTOMER_ACCESS_SWITCH,KSYD30023,673542_AUS_Roselands_001,673542
KSYD30024,O/L,ws-c2940-8tf-s,LAN VPN,CUSTOMER_ACCESS_SWITCH,KSYD30024,673542_AUS_Roselands_001,673542
KSYD30025,O/L,ws-c2940-8tf-s,LAN VPN,CUSTOMER_ACCESS_SWITCH,KSYD30025,673542_AUS_Roselands_001,673542
KSYD30026,O/L,ws-c4948e-s,LAN VPN,CUSTOMER_ACCESS_SWITCH,KSYD30026,673542_AUS_Roselands_001,673542
KSYD30032,O/L,ws-c4948e-s,LAN VPN,CUSTOMER_ACCESS_SWITCH,KSYD30032,673542_AUS_Roselands_001,673542
KSYD30041,O/L,ws-c3850-48f-l,LAN VPN,CUSTOMER_ACCESS_SWITCH,KSYD30041,673542_AUS_Roselands_001,673542
KSYD80001,O/L,ws-c2960-48tc-s,LAN VPN,CUSTOMER_ACCESS_SWITCH,KSYD80001,"12, test",673542
KSYD80003,O/L,ws-c2950-12,LAN VPN,CUSTOMER_ACCESS_SWITCH,KSYD80003,Test00001,673542
KVPZ30002,O/L,ws-c2940-8tf-s,LAN VPN,CUSTOMER_ACCESS_SWITCH,KVPZ30002,673542_USA_Aberdeen_00001,673542
KWUH30001,O/L,ws-c2960-24tc-l,LAN VPN,CUSTOMER_ACCESS_SWITCH,KWUH30001,test_99999,673542
KWUH30002,O/L,ws-c2960-24tc-l,LAN VPN,CUSTOMER_ACCESS_SWITCH,KWUH30002,test_99999,673542
KWUH30003,O/L,ws-c3650-24ps-l,LAN VPN,CUSTOMER_ACCESS_WIRELESS_SWITCH,KWUH30003,test_99999,673542
KWUH30004,O/L,ws-c3750g-24t-e,LAN VPN,CUSTOMER_ACCESS_SWITCH,KWUH30004,test_99999,673542
KZYA30001,O/L,ws-c3550-48-smi,LAN VPN,CUSTOMER_ACCESS_SWITCH,KZYA30001,Netherland,673542
PAGR012,O/L,cisco2821,IP VPN,ICN_CPE_ROUTER,PAGR012,1234fdfd,673542
PAGR014,O/L,cisco1803w-ag-b/k9,IP VPN,ICN_CPE_ROUTER,PAGR014,1234fdfd,673542
PAGR015,O/L,cisco2851,IP VPN,ICN_CPE_ROUTER,PAGR015,1234fdfd,673542
PAGR016,O/L,cisco1803w-ag-b/k9,IP VPN,ICN_CPE_ROUTER,PAGR016,1234fdfd,673542
PAGR017,O/L,,,ICN_CPE_ROUTER,PAGR017,673542_GBR_London_MIG2054,673542
PAKL384,CEASING,cisco1941/k9,IP VPN,ROUTER,,ISTANBUL_000226,673542
PALB026,CEASING,cisco3925e-v/k9,IP VPN,ROUTER,,673542_EGY_Cairo_00001,673542
PALB027,CEASING,cisco3925e-v/k9,IP VPN,ROUTER,,673542_FRA_Paris_002,673542
PANR30014,O/L,c881-k9,IP VPN,ICN_CPE_ROUTER,PANR30014,673542_BEL_Deurne_00002,673542
PANR30019,O/L,c881-k9,IP VPN,ICN_CPE_ROUTER,PANR30019,673542_BEL_Deurne_00002,673542
PANR30021,O/L,c881-k9,IP VPN,ICN_CPE_ROUTER,PANR30021,673542_BEL_Deurne_00002,673542
PANR30023,O/L,c881-k9,IP VPN,ICN_CPE_ROUTER,PANR30023,673542_BEL_Deurne_00002,673542
PANR30025,O/L,c881-k9,IP VPN,ICN_CPE_ROUTER,PANR30025,673542_BEL_Deurne_00002,673542
PANR30033,O/L,c881-k9,IP VPN,ICN_CPE_ROUTER,PANR30033,673542_BEL_Deurne_00002,673542
PATH1655,CEASING,cisco2921,IP VPN,ROUTER,,673542_USA_New York_00001,673542
PATH1656,CEASING,cisco2921,IP VPN,ROUTER,,673542_USA_New York_00008,673542
PATH2215,O/L,cisco1941-sec/k9,IP VPN,ICN_CPE_ROUTER,PATH2215,673542_IND_ABBB_001,673542
PBCN3132,O/L,cisco1941-vsec/k9,SDWAN,ICN_CPE_ROUTER,PBCN3132,673542_IND_Dalmiapuram_00001,673542
PBER30244,O/L,c881-k9,IP VPN,ICN_CPE_ROUTER,PBER30244,MADRID_000229,673542
PBEY553,CEASING,cisco1941-sec/k9,IP VPN,ROUTER,,CIS0124265,673542
PBHO012,O/L,cisco2821,IP VPN,ICN_CPE_ROUTER,PBHO012,673542_IND_ABBB_001,673542
PBLQ426,CEASING,cisco881,IP VPN,ROUTER,,673542_AUS_Darwin City_001,673542
PBOM1123,CEASING,cisco2811,IP VPN,ROUTER,,673542_GBR_London_00002,673542
PBOM1989,MIG,cisco1803w-ag-b/k9,IP VPN,ICN_CPE_ROUTER,PBOM1989,673542_IND_Mumbai_00007,673542
PBOM2022,O/L,cisco1803w-ag-b/k9,IP VPN,ICN_CPE_ROUTER,PBOM2022,673542_IND_Mumbai_00002,673542
PBOM2026,O/L,cisco1803w-ag-b/k9,IP VPN,ICN_CPE_ROUTER,PBOM2026,673542_IND_Mumbai_00004,673542
PBOM2044,O/L,cisco1803w-ag-b/k9,IP VPN,ICN_CPE_ROUTER,PBOM2044,673542_IND_Mumbai_00007,673542
PBOM2053,O/L,cisco1803w-ag-b/k9,IP VPN,ICN_CPE_ROUTER,PBOM2053,673542_IND_Mumbai_MIG2053,673542
PBOM2054,CEASING,cisco1841,IP VPN,ICN_CPE_ROUTER,PBOM2054,673542_IND_Mumbai_MIG2054,673542
PBOM2067,O/L,cisco1803w-ag-b/k9,IP VPN,ICN_CPE_ROUTER,PBOM2067,673542_IND_Navi Mumbai_002,673542
PBOM2073,O/L,cisco1803w-ag-b/k9,IP VPN,ICN_CPE_ROUTER,PBOM2073,673542_IND_New Delhi_002,673542
PBOM2078,O/L,cisco1803w-ag-b/k9,IP VPN,ICN_CPE_ROUTER,PBOM2078,673542_IND_Noida_00001,673542
PBOM2086,O/L,cisco1803w-ag-b/k9,IP VPN,ICN_CPE_ROUTER,PBOM2086,673542_IND_Tatiri_00001,673542
PBOM2155,O/L,cs 10008,IP VPN,ICN_CPE_ROUTER,PBOM2155,673542_IRL_Dublin_001,673542
PBOM2157,O/L,cisco1941-sec/k9,IP VPN,ICN_CPE_ROUTER,PBOM2157,673542_ITA_Agrigento_00001,673542
PBRN368,CEASING,c892fsp-k9,IP VPN,ROUTER,,test,673542
PBRN369,CEASING,cisco892fspisr,IP VPN,ROUTER,,673542_CAN_Montreal_001,673542
PBTS602,CEASING,cisco2951,IP VPN,ROUTER,,673542_NLD_Schiphol_001,673542
PBTS603,CEASING,cisco2951,IP VPN,ROUTER,,673542_USA_Springfield_001,673542
PBUD1229,CEASING,ciscoisr4331,IP VPN,ROUTER,,673542_FRA_Paris_00003,673542
PBUD1230,CEASING,ciscoisr4331,IP VPN,ROUTER,,123456,673542
PBUE2557,CEASING,cisco891,IP VPN,ROUTER,,673542_OMN_Muscat_002,673542
PBUH1009,CEASING,cisco3925spe200,IP VPN,ICN_CPE_ROUTER,PBUH1009.PBUH1274,673542_FRA_Paris_00004,673542
PBUH1274,CEASING,cisco3925spe200,IP VPN,ICN_CPE_ROUTER,PBUH1009.PBUH1274,673542_FRA_Paris_003,673542
PCCS946,O/L,cisco2821-vsec/k9,IP VPN,ICN_CPE_ROUTER,PCCS946,673542_ITA_Cesate_001,673542
PCCU30008,CEASING,c881-k9,,ROUTER,,673542_ITA_Milano_00002,673542
PCDU004,O/L,cisco1803w-ag-b/k9,IP VPN,ICN_CPE_ROUTER,PCDU004,673542_ITA_Verona_00001,673542
PCDU005,O/L,cisco1803w-ag-b/k9,IP VPN,ICN_CPE_ROUTER,PCDU005,673542_ITA_Verona_00001_MIG_001,673542
PCDU006,O/L,cisco1803w-ag-b/k9,IP VPN,ICN_CPE_ROUTER,PCDU006,673542_JOR_Amman_001,673542
PCDU007,O/L,cisco1803w-ag-b/k9,IP VPN,ICN_CPE_ROUTER,PCDU007,673542_KAZ_Astana_002,673542
PCDU008,O/L,cisco1803w-ag-b/k9,IP VPN,ICN_CPE_ROUTER,PCDU008,673542_MEX_Ciudad de MÇxico_001,673542
PCDU009,O/L,cisco1803w-ag-b/k9,IP VPN,ICN_CPE_ROUTER,PCDU009,673542_MYS_Kuala Lumpur_001,673542
PCGD011,O/L,0s912/dc-2,IP VPN,ICN_CPE_ROUTER,PCGD011,673542_CHN_Chengdu_00001,673542
PCGP070,CEASING,cisco2921-v/k9,IP VPN,ROUTER,,wcwc_002530,673542
PCPH1117,CEASING,cisco2921,IP VPN,ICN_CPE_ROUTER,PCPH1117.PCPH1118,673542_GBR_London_00004,673542
PCPH1441,O/L,c892fsp-k9,IP VPN,ICN_CPE_ROUTER,PCPH1441,673542_DNK_Kobenhavn_00001,673542
PCPH1457,O/L,c892fsp-k9,IP VPN,ICN_CPE_ROUTER,PCPH1457,673542_DNK_Kobenhavn_00001,673542
PCPH1488,O/L,c892fsp-k9,IP VPN,ICN_CPE_ROUTER,PCPH1488,673542_DNK_Kobenhavn_00001,673542
PCPH1493,O/L,c892fsp-k9,IP VPN,ICN_CPE_ROUTER,PCPH1493,673542_DNK_Kobenhavn_00001,673542
PCPH1499,O/L,c892fsp-k9,IP VPN,ICN_CPE_ROUTER,PCPH1499,673542_DNK_Kobenhavn_00001,673542
PCPH1502,PLA,cisco3945e/k9,IP VPN,ICN_CPE_ROUTER,PCPH1502,673542_RUS_Moskva_001,673542
PCPH1503,O/L,c892fsp-k9,IP VPN,ICN_CPE_ROUTER,PCPH1503,673542_DNK_Kobenhavn_00001,673542
PCPH1506,O/L,c892fsp-k9,IP VPN,ICN_CPE_ROUTER,PCPH1506,673542_DNK_Kobenhavn_00001,673542
PCPH1511,O/L,c892fsp-k9,IP VPN,ICN_CPE_ROUTER,PCPH1511,673542_DNK_Kobenhavn_00001,673542
PCPH1513,O/L,c892fsp-k9,IP VPN,ICN_CPE_ROUTER,PCPH1513,673542_DNK_Kobenhavn_00001,673542
PCPH1517,O/L,c1111-4p,IP VPN,ICN_CPE_ROUTER,PCPH1517,673542_DNK_Kobenhavn_00001,673542
PCPH1518,O/L,c1111-4p,IP VPN,ICN_CPE_ROUTER,PCPH1518,673542_DNK_Kobenhavn_00001,673542
PCPH1522,O/L,c1111-4p,IP VPN,ICN_CPE_ROUTER,PCPH1522,673542_DNK_Kobenhavn_00001,673542
PCPH1524,O/L,cs 3620,IP VPN,ICN_CPE_ROUTER,PCPH1524,673542_DNK_Kobenhavn_00001,673542
PCPH1525,O/L,,,ICN_CPE_ROUTER,PCPH1525,673542_USA_Austin_001,673542
PCPH1527,O/L,,,ICN_CPE_ROUTER,PCPH1527,673542_USA_Chicago_00001,673542
PCPH1528,O/L,,,ICN_CPE_ROUTER,PCPH1528,673542_USA_Delhi_00001,673542
PCPH1534,O/L,c1111-4p,IP VPN,ICN_CPE_ROUTER,PCPH1534,673542_DNK_Kobenhavn_00001,673542
PCPH1539,O/L,,,ICN_CPE_ROUTER,PCPH1539,673542_USA_Gordon_001,673542
PCPH1548,O/L,c1111-4p,IP VPN,ICN_CPE_ROUTER,PCPH1548,673542_DNK_Kobenhavn_00001,673542
PCPH1550,MIG,c1111-4p,IP VPN,ICN_CPE_ROUTER,PCPH1550,673542_DNK_Kobenhavn_00001,673542
PCPH1551,O/L,c1111-4p,IP VPN,ICN_CPE_ROUTER,PCPH1551,673542_DNK_Kobenhavn_00001,673542
PCTU30029,O/L,c892fsp-k9,IP VPN,ICN_CPE_ROUTER,PCTU30029,"12, test",673542
PCTU405,O/L,cisco1803w-ag-b/k9,GIP IPVPN,ICN_CPE_ROUTER,PCTU405,ISTANBUL_000226,673542
PCTU406,O/L,cisco2821,IP VPN,ICN_CPE_ROUTER,PCTU406,"12, test",673542
PCTU448,O/L,c892fsp-k9,IP VPN,ICN_CPE_ROUTER,PCTU448,"12, test",673542
PCTU463,O/L,c892fsp-k9,IP VPN,ICN_CPE_ROUTER,PCTU463,"12, test",673542
PDAL396,CEASING,ciscoasr1002,IP VPN,ROUTER,,Test_Mr_Oct,673542
PDAR233,CEASING,cisco1941-sec/k9,IP VPN,ROUTER,,673542_DNK_Herlev_001,673542
PDCA111,CEASING,ciscoasr1002,IP VPN,ROUTER,,673542_GBR_London_00009,673542
PDCA112,CEASING,asr1002-5g/k9,IP VPN,ROUTER,,BELLINZONA_000222,673542
PDEL2284,O/L,c881-k9,IP VPN,ICN_CPE_ROUTER,PDEL2284,123123123,673542
PDEL2323,O/L,c892fsp-k9,IP VPN,ICN_CPE_ROUTER,PDEL2323,123123123,673542
PDEL2324,O/L,cs 10008,IP VPN,ICN_CPE_ROUTER,PDEL2324,673542_GBR_London_00013_MIG_001,673542
PDEL2355,O/L,cisco1803w-ag-b/k9,IP VPN,ICN_CPE_ROUTER,PDEL2355,ALLAHABAD_005292,673542
PDEL2356,O/L,cisco1803w-ag-b/k9,IP VPN,ICN_CPE_ROUTER,PDEL2356,ANTIBEs_014352,673542
PDEL2357,O/L,cisco1803w-ag-b/k9,IP VPN,ICN_CPE_ROUTER,PDEL2357,bb_003753,673542
PDEL2358,O/L,cisco1803w-ag-b/k9,IP VPN,ICN_CPE_ROUTER,PDEL2358,BELLINZONA_000222,673542
PDEL2359,CEASING,cisco2821,IP VPN,ICN_CPE_ROUTER,PDEL2359,BERLIN_000224,673542
PDEL2360,MIG,isr4221-sec/k9,IP VPN,ICN_CPE_ROUTER,PDEL2360,123123123,673542
PDEL2371,O/L,cisco1803w-ag-b/k9,IP VPN,ICN_CPE_ROUTER,PDEL2371,BRUSSELS_000220,673542
PDEL2372,O/L,cisco1803w-ag-b/k9,IP VPN,ICN_CPE_ROUTER,PDEL2372,CALCUTTA_000227,673542
PDEL2374,O/L,cisco1803w-ag-b/k9,IP VPN,ICN_CPE_ROUTER,PDEL2374,CHENGDU_000233,673542
PDEL2375,O/L,c892fsp-k9,IP VPN,ICN_CPE_ROUTER,PDEL2375,123123123,673542
PDEL2399,MIG,c-obs-2821-wae/k9,,ICN_CPE_ROUTER,PDEL2399,CIS0124265,673542
PDEL2402,O/L,cs 10008,,ICN_CPE_ROUTER,PDEL2402,CIS0124294,673542
PDEL2412,O/L,cisco1941-sec/k9,,ICN_CPE_ROUTER,PDEL2412,CIS0124317,673542
PDEL2423,O/L,cisco1803w-ag-b/k9,IP VPN,ICN_CPE_ROUTER,PDEL2423,CIS0124458,673542
PDEL2427,O/L,c-obs-2821-wae/k9,IP VPN,ICN_CPE_ROUTER,PDEL2427,COURBEVOIE_004056,673542
PDEL2439,MIG,c891f-k9,IP VPN,ICN_CPE_ROUTER,PDEL2439,123123123,673542
PDEL2444,O/L,c892fsp-k9,IP VPN,ICN_CPE_ROUTER,PDEL2444,123123123,673542
PDEL2458,MIG,cisco2821,IP VPN,ICN_CPE_ROUTER,PDEL2458,123123123,673542
PDEL2462,MIG,cisco2821,IP VPN,ICN_CPE_ROUTER,PDEL2462,123123123,673542
PDEL2463,MIG,c891f-k9,IP VPN,ICN_CPE_ROUTER,PDEL2463,123123123,673542
PDEL2470,O/L,c-obs-2821-wae/k9,IP VPN,ICN_CPE_ROUTER,PDEL2470,dgdg_002528,673542
PDEL2476,O/L,cisco2821,IP VPN,ICN_CPE_ROUTER,PDEL2476,123123123,673542
PDEL2477,O/L,c-obs-2821-wae/k9,IP VPN,ICN_CPE_ROUTER,PDEL2477,DORNBIRN_000228,673542
PDEL2478,O/L,virtual vpn,IP VPN,ICN_CPE_ROUTER,PDEL2478,Drammen_003377,673542
PDEL2479,O/L,ci-cisco4431-k9,IP VPN,ICN_CPE_ROUTER,PDEL2479,Evesham_003382,673542
PDEL2483,O/L,cis-cisco1841,IP VPN,ICN_CPE_ROUTER,PDEL2483,ISTANBUL_000226,673542
PDEL2484,O/L,virtual vpn,IP VPN,ICN_CPE_ROUTER,PDEL2484,ISTANBUL_000226test,673542
PDEL2486,O/L,virtual vpn,IP VPN,ICN_CPE_ROUTER,PDEL2486,jeanbaptiste.ciccolella@orange.co_005293,673542
PDEL2489,O/L,vedge-1000-ac,SDWAN,ICN_CPE_ROUTER,PDEL2489,jeanbaptiste.ciccolella@orange.co_007409,673542
PDEL2546,O/L,cis-cisco1841,IP VPN,ICN_CPE_ROUTER,PDEL2546,Joensuu_81,673542
PDEL2547,O/L,virtual vpn,IP VPN,ICN_CPE_ROUTER,PDEL2547,Jonkoping_400,673542
PDEL2551,O/L,cis-cisco1841,IP VPN,ICN_CPE_ROUTER,PDEL2551,Kemi_84,673542
PDEL2552,O/L,virtual vpn,IP VPN,ICN_CPE_ROUTER,PDEL2552,Kolding_003380,673542
PDEL2553,O/L,ci-cisco4431-k9,IP VPN,ICN_CPE_ROUTER,PDEL2553,LUANDA_006577,673542
PDEL2554,O/L,ci-cisco4431-k9,IP VPN,ICN_CPE_ROUTER,PDEL2554,MADRID_000229,673542
PDEL2565,O/L,c-obs-2821-wae/k9,IP VPN,ICN_CPE_ROUTER,PDEL2565,mashup test,673542
PDEL2571,O/L,cisco2821,IP VPN,ICN_CPE_ROUTER,PDEL2571,123123123,673542
PDEL2575,O/L,cisco1921-sec/k9,IP VPN,ICN_CPE_ROUTER,PDEL2575,Netherland,673542
PDEL2576,O/L,cis-cisco1841,IP VPN,ICN_CPE_ROUTER,PDEL2576,new_site3march,673542
PDEL2584,O/L,cisco1803w-ag-b/k9,IP VPN,ICN_CPE_ROUTER,PDEL2584,new_s_1,673542
PDEL2585,CEASING,cisco2821,IP VPN,ICN_CPE_ROUTER,PDEL2585,Oulu_92,673542
PDEL2591,O/L,cisco1803w-ag-b/k9,IP VPN,ICN_CPE_ROUTER,PDEL2591,123123123,673542
PDEL2592,MIG,cisco1803w-ag-b/k9,IP VPN,ICN_CPE_ROUTER,PDEL2592,123123123,673542
PDEL2609,CEASING,cisco2821,IP VPN,ICN_CPE_ROUTER,PDEL2609,Pommeuse_003381,673542
PDEL2615,O/L,cisco1941-vsec/k9,IP VPN,ICN_CPE_ROUTER,PDEL2615,rennes_002577,673542
PDEL2618,O/L,cisco2821,IP VPN,ICN_CPE_ROUTER,PDEL2618,123123123,673542
PDEL2623,O/L,cisco1803w-ag-b/k9,IP VPN,ICN_CPE_ROUTER,PDEL2623,site_123,673542
PDEL2624,O/L,cisco1803w-ag-b/k9,IP VPN,ICN_CPE_ROUTER,PDEL2624,TC_GBR_London_001,673542
PDEL2627,O/L,cisco1921-sec/k9,IP VPN,ICN_CPE_ROUTER,PDEL2627,TENGAH_000219,673542
PDEL2628,O/L,virtual vpn,IP VPN,ICN_CPE_ROUTER,PDEL2628,test,673542
PDEL2639,O/L,cisco1803w-ag-b/k9,IP VPN,ICN_CPE_ROUTER,PDEL2639,Test Customer,673542
PDEL2640,O/L,cisco1803w-ag-b/k9,IP VPN,ICN_CPE_ROUTER,PDEL2640,Test Customer1,673542
PDEL2642,MIG,cisco2811,IP VPN,ICN_CPE_ROUTER,PDEL2642,1234fdfd,673542
PDEL2652,O/L,cisco1803w-ag-b/k9,IP VPN,ICN_CPE_ROUTER,PDEL2652,Test00001,673542
PDEL2653,O/L,cisco1803w-ag-b/k9,IP VPN,ICN_CPE_ROUTER,PDEL2653,test1,673542
PDEL2654,O/L,cisco1803w-ag-b/k9,IP VPN,ICN_CPE_ROUTER,PDEL2654,test12345,673542
PDEL2656,O/L,cisco1803w-ag-b/k9,IP VPN,ICN_CPE_ROUTER,PDEL2656,testhim-001,673542
PDEL2659,MIG,cisco2921-v/k9,IP VPN,ICN_CPE_ROUTER,PDEL2659,Test_003513,673542
PDEL30044,O/L,c892fsp-k9,IP VPN,ICN_CPE_ROUTER,PDEL30044,673542_IND_Gurgaon_00003,673542
PDEL30045,CEASING,c881-k9,,ROUTER,,test_003808,673542
PDEL30046,O/L,c881-k9,IP VPN,ICN_CPE_ROUTER,PDEL30046,test_008692,673542
PENY021,CEASING,cs 10008,IP VPN,ICN_CPE_ROUTER,PENY021,657680,673542
PENY024,O/L,cs 10008,IP VPN,ICN_CPE_ROUTER,PENY024,657680,673542
PEVX152,CEASING,cisco3925e-v/k9,IP VPN,ROUTER,,673542_GBR_London_00010,673542
PEVX192,CEASING,cisco3925e-v/k9,IP VPN,ROUTER,,de_002295,673542
PFBU032,CEASING,cisco892fspisr,IP VPN,ROUTER,,USA_new,673542
PFBU033,CEASING,cisco892fspisr,IP VPN,ROUTER,,Test_003513,673542
PFUK095,CEASING,c881-k9,IP VPN,ROUTER,,673542_USA_Gordon_001,673542
PGNE30004,O/L,c892fsp-k9,IP VPN,ICN_CPE_ROUTER,PGNE30004,673542_BEL_Ghent_00001,673542
PGNE30005,O/L,cisco2951,IP VPN,ROUTER,,Test_Mr_Oct,673542
PHGH201,CEASING,cisco3925spe200,IP VPN,ROUTER,,673542_BEL_Deurne_00002,673542
PHGH202,CEASING,cisco3925e-v/k9,IP VPN,ROUTER,,dgdg_002528,673542
PKSF30001,O/L,c881-k9,IP VPN,ICN_CPE_ROUTER,PKSF30001,673542_DEU_Eiterfeld_002,673542
PLBC060,CEASING,c891f-k9,IP VPN,ROUTER,,CIS0124180,673542
PLCY425,O/L,cs 10008,IP VPN,ICN_CPE_ROUTER,PLCY425,USA_123,673542
PLCY430,O/L,cs 10008,IP VPN,ICN_CPE_ROUTER,PLCY430,USA_new,673542
PLCY437,O/L,cs 10008,IP VPN,ICN_CPE_ROUTER,PLCY437,wcwc_002530,673542
PLCY438,O/L,cs 10008,IP VPN,ICN_CPE_ROUTER,PLCY438,WEW,673542
PLCY443,O/L,cs 10008,IP VPN,ICN_CPE_ROUTER,PLCY443,"12, test",673542
PLCY456,O/L,cs 10008,IP VPN,ICN_CPE_ROUTER,PLCY456,123123123,673542
PLCY457,O/L,cs 10008,IP VPN,ICN_CPE_ROUTER,PLCY457,1234,673542
PLCY470,O/L,cs 10008,IP VPN,ICN_CPE_ROUTER,PLCY470,123456,673542
PLCY479,O/L,cs 10008,IP VPN,ICN_CPE_ROUTER,PLCY479,1234fdfd,673542
PLCY535,MIG,cs 10008,IP VPN,ICN_CPE_ROUTER,PLCY535,657680,673542
PLME130,CEASING,cisco3925e-v/k9,IP VPN,ROUTER,,testhim-001,673542
PLON10001,O/L,cisco1803w-ag-b/k9,IP VPN,ICN_CPE_ROUTER,PLON10001,673542_AGO_Luanda_001,673542
PLON10002,O/L,cisco1803w-ag-b/k9,IP VPN,ICN_CPE_ROUTER,PLON10002,673542_ARG_Tortuguitas_001,673542
PLON10004,O/L,cisco1803w-ag-b/k9,IP VPN,ICN_CPE_ROUTER,PLON10004,673542_AUS_Darwin City_001,673542
PLON10005,O/L,cs 10008,IP VPN,ICN_CPE_ROUTER,PLON10005,673542_AUS_Portsmith_001,673542
PLON10007,MIG,cisco871-k9,IP VPN,ICN_CPE_ROUTER,PLON10007,673542_GBR_London_00012_MIG_001,673542
PLON10010,O/L,cisco2821,IP VPN,ICN_CPE_ROUTER,PLON10010,673542_GBR_Gillingham_001,673542
PLON10017,O/L,cisco1803w-ag-b/k9,IP VPN,ICN_CPE_ROUTER,PLON10017,673542_BEL_Deurne_00002,673542
PLON10018,O/L,cs 10008,IP VPN,ICN_CPE_ROUTER,PLON10018,673542_BEL_Ghent_00001,673542
PLON10019,O/L,cisco1803w-ag-b/k9,IP VPN,ICN_CPE_ROUTER,PLON10019,673542_BEL_XXXYYYZZZ,673542
PLON10021,O/L,cisco1841,IP VPN,ICN_CPE_ROUTER,PLON10021,673542_BGR_Sofia_001,673542
PLON10032,O/L,cisco1803w-ag-b/k9,IP VPN,ICN_CPE_ROUTER,PLON10032,673542_BRA_Belo Horizonte_001,673542
PLON10033,O/L,cs 10008,IP VPN,ICN_CPE_ROUTER,PLON10033,673542_BRA_Paulina_001,673542
PLON10034,O/L,cs 10008,IP VPN,ICN_CPE_ROUTER,PLON10034,673542_GBR_London_00001,673542
PLON10035,O/L,cisco1803w-ag-b/k9,IP VPN,ICN_CPE_ROUTER,PLON10035,673542_CAN_Montreal_00001,673542
PLON10036,O/L,cisco1803w-ag-b/k9,IP VPN,ICN_CPE_ROUTER,PLON10036,673542_CAN_Montreal_001,673542
PLON10040,MIG,cs 10008,IP VPN,ICN_CPE_ROUTER,PLON10040,673542_CAN_Montreal_002,673542
PLON10048,O/L,cisco1803w-ag-b/k9,IP VPN,ICN_CPE_ROUTER,PLON10048,673542_CAN_Sherbrooke_002,673542
PLON10049,O/L,cisco1803w-ag-b/k9,IP VPN,ICN_CPE_ROUTER,PLON10049,673542_CAN_Windsor_00001,673542
PLON10050,O/L,cs 10008,IP VPN,ICN_CPE_ROUTER,PLON10050,673542_CHE_Grand-Saconnex_001,673542
PLON10051,O/L,cisco1803w-ag-b/k9,IP VPN,ICN_CPE_ROUTER,PLON10051,673542_CHE_Zurich_00001,673542
PLON10057,O/L,cisco1803w-ag-b/k9,IP VPN,ICN_CPE_ROUTER,PLON10057,673542_GBR_London_00013_MIG_001,673542
PLON10059,O/L,cisco1803w-ag-b/k9,IP VPN,ICN_CPE_ROUTER,PLON10059,673542_DEU_Berlin_00002,673542
PLON10060,O/L,cisco1803w-ag-b/k9,IP VPN,ICN_CPE_ROUTER,PLON10060,673542_DEU_Berlin_001,673542
PLON10062,O/L,cisco1803w-ag-b/k9,IP VPN,ICN_CPE_ROUTER,PLON10062,673542_DEU_Berlin_MIG2925,673542
PLON10063,O/L,cisco1803w-ag-b/k9,IP VPN,ICN_CPE_ROUTER,PLON10063,673542_GBR_London_00013_MIG_001,673542
PLON10064,CEASING,cisco2921-sec/k9,IP VPN,ICN_CPE_ROUTER,PLON10064,673542_DEU_Eiterfeld_002,673542
PLON10065,O/L,cisco2821-vsec/k9,IP VPN,ICN_CPE_ROUTER,PLON10065,673542_DEU_Frankfurt_00001,673542
PLON10066,O/L,cisco2821-vsec/k9,IP VPN,ICN_CPE_ROUTER,PLON10066,673542_DEU_Frankfurt_00002,673542
PLON10068,O/L,cisco2821-vsec/k9,IP VPN,ICN_CPE_ROUTER,PLON10068,673542_DEU_Frankfurt_00005,673542
PLON10073,O/L,cisco1941-sec/k9,IP VPN,ICN_CPE_ROUTER,PLON10073,673542_DEU_Frankfurt_00006,673542
PLON10074,O/L,cisco1941-vsec/k9,IP VPN,ICN_CPE_ROUTER,PLON10074,673542_DEU_Frankfurt_00007,673542
PLON10083,O/L,cisco3825,IP VPN,ICN_CPE_ROUTER,PLON10083,673542_DEU_MÅnchen_001,673542
PLON10084,O/L,cs 10008,IP VPN,ICN_CPE_ROUTER,PLON10084,673542_DEU_Munich_00002,673542
PLON10085,O/L,cisco1803w-ag-b/k9,IP VPN,ICN_CPE_ROUTER,PLON10085,673542_DEU_Oberkochen_001,673542
PLON10086,MIG,cs 10008,IP VPN,ICN_CPE_ROUTER,PLON10086,673542_DNK_Ballerup_00001,673542
PLON10087,O/L,cs 10008,IP VPN,ICN_CPE_ROUTER,PLON10087,673542_GBR_Glasgow_001,673542
PLON10088,MIG,cisco1803w-ag-b/k9,IP VPN,ICN_CPE_ROUTER,PLON10088,673542_DNK_Kobenhavn_00001,673542
PLON10089,MIG,cisco1803w-ag-b/k9,IP VPN,ICN_CPE_ROUTER,PLON10089,673542_DNK_K?benhavn_001,673542
PLON10107,O/L,cs 10008,IP VPN,ICN_CPE_ROUTER,PLON10107,673542_DZA_Birtouta_001,673542
PLON10108,O/L,cisco1803w-ag-b/k9,IP VPN,ICN_CPE_ROUTER,PLON10108,673542_EGY_Ain Shams Sharkeya_001,673542
PLON10109,O/L,cisco1803w-ag-b/k9,IP VPN,ICN_CPE_ROUTER,PLON10109,673542_EGY_Cairo_00001,673542
PLON10110,MIG,cs 10008,IP VPN,ICN_CPE_ROUTER,PLON10110,673542_EGY_Cairo_00001_MIG_001,673542
PLON10111,O/L,cs 10008,GIP IPVPN,ICN_CPE_ROUTER,PLON10111,673542_EGY_Cairo_00002_MIG_001,673542
PLON10119,O/L,cs 10008,IP VPN,ICN_CPE_ROUTER,PLON10119,673542_EGY_Cairo_00003,673542
PLON10120,O/L,cisco1803w-ag-b/k9,IP VPN,ICN_CPE_ROUTER,PLON10120,673542_EGY_Cairo_00005,673542
PLON10121,O/L,cs 10008,IP VPN,ICN_CPE_ROUTER,PLON10121,673542_EGY_Cairo_001,673542
PLON9739,O/L,cisco1803w-ag-b/k9,IP VPN,ICN_CPE_ROUTER,PLON9739,673542_EGY_Cairo__MIG348,673542
PLON9741,O/L,cs 10008,IP VPN,ICN_CPE_ROUTER,PLON9741,673542_ESP_Arafo_00001,673542
PLON9746,O/L,cisco1803w-ag-b/k9,IP VPN,ICN_CPE_ROUTER,PLON9746,673542_ESP_El Escorial_001,673542
PLON9751,O/L,cisco1803w-ag-b/k9,IP VPN,ICN_CPE_ROUTER,PLON9751,673542_ESP_Escobar de Polendos_00001,673542
PLON9763,O/L,cs 10008,IP VPN,ICN_CPE_ROUTER,PLON9763,673542_FRA_Conflans-Sainte-Honorine_001,673542
PLON9765,O/L,cs 10008,IP VPN,ICN_CPE_ROUTER,PLON9765,673542_FRA_Dax_001,673542
PLON9768,O/L,cisco1803w-ag-b/k9,IP VPN,ICN_CPE_ROUTER,PLON9768,673542_FRA_Montataire_001,673542
PLON9770,O/L,cisco1803w-ag-b/k9,IP VPN,ICN_CPE_ROUTER,PLON9770,673542_GBR_London_00013_MIG_001,673542
PLON9796,O/L,cisco1803w-ag-b/k9,IP VPN,ICN_CPE_ROUTER,PLON9796,673542_FRA_Paris_00002_MIG_001,673542
PLON9799,O/L,cisco2821,IP VPN,ICN_CPE_ROUTER,PLON9799,673542_GBR_London_001,673542
PLON9823,O/L,cs 10008,IP VPN,ICN_CPE_ROUTER,PLON9823,673542_GBR_London_00012_MIG_001,673542
PLON9824,O/L,cs 10008,IP VPN,ICN_CPE_ROUTER,PLON9824,673542_GBR_London_00012_MIG_001,673542
PLON9825,O/L,cs 10008,IP VPN,ICN_CPE_ROUTER,PLON9825,673542_FRA_Paris_00005,673542
PLON9826,CEASING,cisco 881-sec-k9,IP VPN,ICN_CPE_ROUTER,PLON9826,673542_FRA_Paris_001,673542
PLON9854,O/L,cs 10008,IP VPN,ICN_CPE_ROUTER,PLON9854,673542_FRA_Paris_003,673542
PLON9855,O/L,cisco1803w-ag-b/k9,IP VPN,ICN_CPE_ROUTER,PLON9855,673542_FRA_Paris_MIG2924,673542
PLON9885,O/L,cs 10008,IP VPN,ICN_CPE_ROUTER,PLON9885,673542_GBR_London__MIG1623,673542
PLON9886,O/L,cisco1803w-ag-b/k9,IP VPN,ICN_CPE_ROUTER,PLON9886,673542_FRA_Saint-Germain-des-Champs_00001,673542
PLON9920,O/L,cisco1803w-ag-b/k9,IP VPN,ICN_CPE_ROUTER,PLON9920,673542_FRA_Val-de-Reuil_002,673542
PLON9921,O/L,cs 10008,IP VPN,ICN_CPE_ROUTER,PLON9921,673542_GBR_Eastbourne_00001,673542
PLON9922,O/L,cisco1803w-ag-b/k9,IP VPN,ICN_CPE_ROUTER,PLON9922,673542_GBR_Gillingham_001,673542
PLON9923,O/L,cisco1803w-ag-b/k9,IP VPN,ICN_CPE_ROUTER,PLON9923,673542_GBR_Glasgow_001,673542
PLON9924,O/L,cisco1803w-ag-b/k9,IP VPN,ICN_CPE_ROUTER,PLON9924,673542_GBR_Isle of Dogs_001,673542
PLON9927,O/L,cisco1803w-ag-b/k9,IP VPN,ICN_CPE_ROUTER,PLON9927,673542_GBR_London_00001,673542
PLON9928,O/L,cisco1803w-ag-b/k9,IP VPN,ICN_CPE_ROUTER,PLON9928,673542_GBR_London_00001_MIG_001,673542
PLON9929,O/L,cisco1803w-ag-b/k9,IP VPN,ICN_CPE_ROUTER,PLON9929,673542_GBR_London_00002,673542
PLON9930,O/L,cs 10008,IP VPN,ICN_CPE_ROUTER,PLON9930,673542_GBR_London_00002_MIG_001,673542
PLON9931,O/L,cisco1803w-ag-b/k9,IP VPN,ICN_CPE_ROUTER,PLON9931,673542_GBR_London_00003,673542
PLON9932,O/L,cs 10008,IP VPN,ICN_CPE_ROUTER,PLON9932,673542_GBR_London_00003_MIG_001,673542
PLON9939,O/L,cisco1803w-ag-b/k9,IP VPN,ICN_CPE_ROUTER,PLON9939,673542_GBR_London_00004,673542
PLON9940,O/L,cisco1803w-ag-b/k9,IP VPN,ICN_CPE_ROUTER,PLON9940,673542_GBR_London_00005,673542
PLON9941,O/L,cisco1803w-ag-b/k9,IP VPN,ICN_CPE_ROUTER,PLON9941,673542_GBR_London_00006,673542
PLON9942,O/L,cs 10008,IP VPN,ICN_CPE_ROUTER,PLON9942,673542_GBR_London_00007,673542
PLON9943,O/L,cs 10008,IP VPN,ICN_CPE_ROUTER,PLON9943,673542_GBR_London_00008,673542
PLON9948,O/L,ci-cisco4431-k9,IP VPN,ICN_CPE_ROUTER,PLON9948,673542_GBR_London_00008_MIG_001,673542
PLON9949,O/L,cisco1803w-ag-b/k9,IP VPN,ICN_CPE_ROUTER,PLON9949,673542_GBR_London_00009,673542
PLON9950,O/L,cisco1803w-ag-b/k9,IP VPN,ICN_CPE_ROUTER,PLON9950,673542_GBR_London_00009_MIG_001,673542
PLON9951,O/L,cisco1803w-ag-b/k9,IP VPN,ICN_CPE_ROUTER,PLON9951,673542_GBR_London_00010,673542
PLON9952,O/L,cs 10008,IP VPN,ICN_CPE_ROUTER,PLON9952,673542_GBR_London_00010_MIG_001,673542
PLON9957,O/L,ci-cisco4431-k9,IP VPN,ICN_CPE_ROUTER,PLON9957,673542_GBR_London_00011,673542
PLON9961,O/L,cisco1803w-ag-b/k9,IP VPN,ICN_CPE_ROUTER,PLON9961,673542_GBR_London_00012,673542
PLON9965,MIG,cisco1803w-ag-b/k9,IP VPN,ICN_CPE_ROUTER,PLON9965,673542_GBR_London_00012_MIG_001,673542
PLON9969,O/L,cisco2821,IP VPN,ICN_CPE_ROUTER,PLON9969,673542_GBR_London_00001_MIG_001,673542
PLON9989,O/L,cisco1803w-ag-b/k9,IP VPN,ICN_CPE_ROUTER,PLON9989,673542_GBR_London_00013_MIG_001,673542
PLON9990,O/L,cisco1803w-ag-b/k9,IP VPN,ICN_CPE_ROUTER,PLON9990,673542_GBR_London_00014,673542
PLON9991,O/L,cisco1803w-ag-b/k9,IP VPN,ICN_CPE_ROUTER,PLON9991,673542_GBR_London_00015_MIG_001,673542
PLON9992,O/L,cs 10008,IP VPN,ICN_CPE_ROUTER,PLON9992,673542_GBR_London_00016,673542
PLON9993,O/L,cs 10008,IP VPN,ICN_CPE_ROUTER,PLON9993,673542_GBR_London_00017,673542
PLON9995,MIG,cs 10008,IP VPN,ICN_CPE_ROUTER,PLON9995,673542_GBR_London_00019,673542
PLON9997,O/L,cisco887-k9,IP VPN,ICN_CPE_ROUTER,PLON9997,673542_GBR_London_00013_MIG_001,673542
PLPH008,O/L,c891f-k9,IP VPN,ICN_CPE_ROUTER,PLPH008,673542_GBR_Glasgow_001,673542
PMAD3492,CEASING,cisco3925e/k9,IP VPN,ROUTER,,673542_PRT_Lisbon_001,673542
PMAD4431,CEASING,cisco2951-sec/k9,IP VPN,ROUTER,,673542_USA_Austin_001,673542
PMIL3339,CEASING,cisco2921-v/k9,IP VPN,ROUTER,,673542_FRA_Paris_00003_MIG_001,673542
PMIL3340,CEASING,cisco2921-v/k9,IP VPN,ROUTER,,673542_CAN_Montreal_00001,673542
PMNL1109,CEASING,cisco3925e-v/k9,IP VPN,ICN_CPE_ROUTER,,673542_CAN_Windsor_00001,673542
PMNL1112,CEASING,cisco3925spe200,IP VPN,ROUTER,,673542_DEU_Frankfurt_00001,673542
PMUC30089,CEASING,c881-k9,,ROUTER,,673542_GBR_London_MIG2054,673542
PNJF005,O/L,cisco2821-v/k9,IP VPN,ICN_CPE_ROUTER,PNJF005,673542_GBR_London__MIG1622,673542
PNKG245,CEASING,cisco1941-sec/k9,IP VPN,ROUTER,,673542_EGY_Cairo_00001,673542
POPF037,O/L,cisco1803w-ag-b/k9,IP VPN,ICN_CPE_ROUTER,POPF037,673542_GBR_London__MIG1623,673542
POPF038,O/L,cisco1803w-ag-b/k9,IP VPN,ICN_CPE_ROUTER,POPF038,673542_GBR_London__MIG1624,673542
POPF039,O/L,cisco1803w-ag-b/k9,IP VPN,ICN_CPE_ROUTER,POPF039,673542_GBR_Slough_002,673542
POPF041,O/L,cisco1803w-ag-b/k9,IP VPN,ICN_CPE_ROUTER,POPF041,673542_GEO_Tbilisi_001,673542
POPF042,O/L,cisco1803w-ag-b/k9,IP VPN,ICN_CPE_ROUTER,POPF042,673542_HKG_Tsuen Wan_001,673542
POPF043,O/L,cisco1803w-ag-b/k9,IP VPN,ICN_CPE_ROUTER,POPF043,673542_IND_ABBB_001,673542
POYA005,CEASING,cisco1941,IP VPN,ICN_CPE_ROUTER,POYA005,Oulu_92,673542
PPMF101,CEASING,cisco2951-v/k9,IP VPN,ROUTER,,673542_FRA_Paris_00003,673542
PPMF102,CEASING,cisco2951,IP VPN,ROUTER,,673542_FRA_Paris_00004,673542
PPOX262,O/L,c892fsp-k9,IP VPN,ICN_CPE_ROUTER,PPOX262,673542_FRA_Conflans-Sainte-Honorine_001,673542
PPOZ6359,CEASING,cisco3925spe200,IP VPN,ROUTER,,673542_IND_Delhi_00002,673542
PPOZ648,CEASING,cisco7206vxr,IP VPN,ROUTER,,673542_ITA_Agrigento_00001,673542
PQEV332,CEASING,cisco3925e-v/k9,IP VPN,ROUTER,,673542_DEU_Oberkochen_001,673542
PQEV345,CEASING,c892fsp-k9,IP VPN,ROUTER,,673542_DEU_Eiterfeld_002,673542
PQUT026,CEASING,cisco3925e-v/k9,IP VPN,ROUTER,,673542_USA_New York_00002,673542
PQYY1824,O/L,cisco1941-sec/k9,IP VPN,ICN_CPE_ROUTER,PQYY1824,673542_IND_Delhi_00002,673542
PRNS357,CEASING,cs 1841,IP VPN,ROUTER,,673542_IND_ABBB_001,673542
PRNS358,CEASING,cisco1841,IP VPN,ROUTER,,673542_FRA_Saint-Denis_001,673542
PRNS412,CEASING,cs 2851,IP VPN,ROUTER,,673542_DZA_Birtouta_001,673542
PRNS487,CEASING,cisco3925e-v/k9,IP VPN,ROUTER,,673542_EGY_Cairo_00003,673542
PSAO2840,CEASING,cisco1941/k9,IP VPN,ICN_CPE_ROUTER,PSAO2840.PSAO2856,673542_IND_Madurai_001,673542
PSTR30001,CEASING,c881-k9,,ROUTER,,673542_IND_Gurgaon_00001,673542
PSZV235,CEASING,cisco1941-sec/k9,IP VPN,ROUTER,,673542_GBR_London_00010_MIG_001,673542
PTYS029,CEASING,cisco3925e-v/k9,IP VPN,ROUTER,,673542_USA_Washington_00003,673542
PTYS030,CEASING,cisco3925e-v/k9,IP VPN,ROUTER,,673542_ITA_Milano_00002,673542
PVPZ061,O/L,cisco1941/k9,IP VPN,ICN_CPE_ROUTER,PVPZ061,673542_USA_Aberdeen_00001,673542
PVPZ066,O/L,cisco1941/k9,IP VPN,ICN_CPE_ROUTER,PVPZ066,673542_USA_Aberdeen_00001,673542
PWAW10274,CEASING,cisco3925spe200,IP VPN,ROUTER,,673542_FRA_Paris_00005,673542
PWAW11241,O/L,cisco1941/k9,IntranetConnect,ICN_CPE_ROUTER,PWAW11241,673542_IND_Mumbai_00007,673542
PWAW11242,O/L,cisco1941/k9,IntranetConnect,ICN_CPE_ROUTER,PWAW11242,673542_IND_Mumbai_MIG2053,673542
PYYZ928,CEASING,cisco3925e-v/k9,IP VPN,ROUTER,,bb_003753,673542
PYYZ939,CEASING,cisco3925e-v/k9,IP VPN,ROUTER,,Jonkoping_400,673542
PZLX087,O/L,cisco3845,IP VPN,ICN_CPE_ROUTER,PZLX087,673542_GBR_London_00011,673542
PZLX092,O/L,cisco2921-sec/k9,IP VPN,ICN_CPE_ROUTER,PZLX092,673542_GBR_London_00012_MIG_001,673542
PZLX097,O/L,cisco2811-adsl/k9-tp,IP VPN,ICN_CPE_ROUTER,PZLX097,673542_GBR_London_MIG2054,673542
PZLX098,O/L,cisco3945/k9,IP VPN,ICN_CPE_ROUTER,PZLX098,673542_GBR_London_00001,673542
PZNN30006,O/L,c892fsp-k9,IP VPN,ICN_CPE_ROUTER,PZNN30006,673542_DEU_Bonn_001,673542
PZRH2031,CEASING,cisco3925spe200,IP VPN,ROUTER,,Test00001,673542
WLON622,O/L,,,IPSEC_BOX,,673542_IRL_Dublin_001,673542
PLON9830,O/L,0s912/ac-2,IP VPN,ICN_CPE_ROUTER,PLON9830,673542_GBR_Gillingham_001,673542
PVPZ063,O/L,cisco1941/k9,IP VPN,ICN_CPE_ROUTER,PVPZ063,673542_USA_Aberdeen_00001,673542
PDEL2684,O/L,cisco881-k9,IP VPN,ICN_CPE_ROUTER,PDEL2684,673542_AGO_Luanda_001,673542
PBOM2239,O/L,ci-cisco4431-k9,IP VPN,ICN_CPE_ROUTER,PBOM2239,CIS0124317,673542
PBOM2244,O/L,ci-cisco4431-k9,IP VPN,ICN_CPE_ROUTER,PBOM2244,CIS0124317,673542
ABEG80003,UNDEF,air-ap1041n-a-k9,LAN VPN,WIRELESS_ACCESS_POINT,ABEG80003,1234,673542
PZLX095,NEW,cisco1941-sec/k9,IPNET,ICN_CPE_ROUTER,PZLX095,"12, test",673542
PDEL2718,NEW,cisco1941-sec/k9,IPNET,ICN_CPE_ROUTER,PDEL2718,"12, test",673542
ABER80007,PLA,air-ap1041n-a-k9,LAN VPN,WIRELESS_ACCESS_POINT,ABER80007,wew_436036_DUP,673542
PZLX096,NEW,cisco1941-sec/k9,IPNET,ICN_CPE_ROUTER,PZLX096,123123123,673542
KXAX30001,PLA,ws-c3550-48-smi,LAN VPN,CUSTOMER_ACCESS_SWITCH,KXAX30001,673542_AUS_Portsmith_001,673542
PDEL2720,PLA,cisco1841,IPNET,ICN_CPE_ROUTER,PDEL2720,123123123,673542
ABER80008,PLA,air-ap1041n-a-k9,LAN VPN,WIRELESS_ACCESS_POINT,ABER80008,wew_436036_DUP,673542
KYMY1001,PLA,ws-c2926t,LAN_VPN,CUSTOMER_ACCESS_SWITCH,KYMY1001,1234,673542
PDEL2733,NEW,,IPNET,ICN_CPE_ROUTER,PDEL2733,1234,673542
KYMY1002,PLA,ws-c2926t,LAN_VPN,CUSTOMER_ACCESS_SWITCH,KYMY1002,123456,673542
KYMY1003,PLA,ws-c2926t,LAN_VPN,CUSTOMER_ACCESS_SWITCH,KYMY1003,1234fdfd,673542
AHWK30025,PLA,air-ap1041n-a-k9,LAN VPN,WIRELESS_ACCESS_POINT,AHWK30025,Test00001,673542
KYSC30001,PLA,ws-c2960x-24pd-l,LAN VPN,CUSTOMER_ACCESS_SWITCH,KYSC30001,673542_CAN_Windsor_00001,673542
SDEL2502,PLA,cis-cisco1841,IPNET,ICN_CUSTOMER_ROUTER,SDEL2502,657680,673542
KZNN30001,PLA,ws-c3550-48-smi,LAN VPN,CUSTOMER_ACCESS_SWITCH,KZNN30001,673542_DEU_Bonn_001,673542
SDEL2505,PLA,cis-cisco1841,IPNET,ICN_CUSTOMER_ROUTER,SDEL2505,673542_AGO_Luanda_001,673542
ASIN30036,PLA,air-ap1141n-a-k9,LAN VPN,WIRELESS_ACCESS_POINT,ASIN30036,23012_SGP_SG01_Singapore,673542
PENY022,NEW,ci-cisco4431-k9,IPNET,ICN_CPE_ROUTER,PENY022,673542_ARG_Tortuguitas_001,673542
SQJK003,PLA,cisco1921-sec/k9,IPNET,ICN_CUSTOMER_ROUTER,SQJK003,673542_ARG_Tortuguitas_001,673542
ASIN30197,NEW,air-ap1141n-a-k9,LAN VPN,WIRELESS_ACCESS_POINT,ASIN30197,SG-SIN-OBS,673542
KZYA30002,PLA,ws-c3750-24ps-e,LAN VPN,CUSTOMER_ACCESS_SWITCH,KZYA30002,Netherland,673542
PENY023,NEW,cisco1803w-ag-b/k9,IPNET,ICN_CPE_ROUTER,PENY023,673542_AUS_Darwin City_001,673542
WBOM526,PLA,,IPSEC,IPSEC_BOX,,673542_AUS_Darwin City_001,673542
AZYA30008,PLA,air-ap1230b-e-k9,LAN VPN,WIRELESS_ACCESS_POINT,AZYA30008,Netherland,673542
KZYA30003,PLA,ws-c3750-24ps-e,LAN VPN,CUSTOMER_ACCESS_SWITCH,KZYA30003,Netherland,673542
WBOM528,PLA,,IPSEC,IPSEC_BOX,,673542_AUS_Portsmith_001,673542
BLON0089,NEW,cisco1803w-ag-b/k9,IPNET,ICN_BOUNDARY_ROUTER,,673542_AUS_Roselands_001,673542
KZYA30004,PLA,ws-c3750-24ps-e,LAN VPN,CUSTOMER_ACCESS_SWITCH,KZYA30004,Netherland,673542
PENY025,NEW,cisco2811-adsl/k9-tp,IPNET,ICN_CPE_ROUTER,PENY025,673542_AUS_Roselands_001,673542
BSYD2432,NEW,cisco1921-sec/k9,IPNET,ICN_BOUNDARY_ROUTER,,673542_BEL_Deurne_00001,673542
KZYA30005,PLA,ws-c3750-24ps-e,LAN VPN,CUSTOMER_ACCESS_SWITCH,KZYA30005,Netherland,673542
WLON623,PLA,,IPSEC,IPSEC_BOX,,673542_BEL_Deurne_00001,673542
DACC20009,O/L,sha-01050-base,RIVERBED,STEELHEAD SHXX50 SERIES,,673542_BEL_Deurne_00002,673542
KZYA30006,PLA,ws-c3750-24ps-e,LAN VPN,CUSTOMER_ACCESS_SWITCH,KZYA30006,Netherland,673542
WLON624,PLA,,IPSEC,IPSEC_BOX,,673542_BEL_Deurne_00002,673542
DAMS20039,O/L,riverbed,RIVERBED,"HARDWARE AND LICENSE : SFED-02100-B010,LIC-SFED-02",PZYA020.PZYA021,673542_BEL_Ghent_00001,673542
KZYA30007,PLA,ws-c3750-24ps-e,LAN VPN,CUSTOMER_ACCESS_SWITCH,KZYA30007,Netherland,673542
DAMS20040,O/L,riverbed,RIVERBED,"HARDWARE AND LICENSE : SFED-02100-B010,LIC-SFED-02",PZYA020.PZYA021,673542_BEL_XXXYYYZZZ,673542
LABI003,PLA,cisco2821-vsec/k9,LANAS,LANAS_STANDARD_ROUTER (SMR),,673542_BEL_XXXYYYZZZ,673542
PLAD548,NEW,c892fsp-k9,IPNET,ICN_CPE_ROUTER,PLAD548,673542_BEL_XXXYYYZZZ,673542
DLEB20001,O/L,riverbed,RIVERBED,ACCELERATOR,,673542_BGR_Sofia_001,673542
LABI004,PLA,cisco1841,LANAS,LANAS_STANDARD_ROUTER (SMR),,673542_BGR_Sofia_001,673542
DQUL20000,O/L,sha-99999-base,RIVERBED,STEELHEAD CXAXX55 SERIES,,673542_BRA_Belo Horizonte_001,673542
LABI005,PLA,cisco2821-vsec/k9,LANAS,LANAS_STANDARD_ROUTER (SMR),,673542_BRA_Belo Horizonte_001,673542
DQUL20001,O/L,sha-99999-base,RIVERBED,STEELHEAD CXAXX55 SERIES,,673542_BRA_Paulina_001,673542
LALS003,PLA,cisco2821-vsec/k9,LANAS,LANAS_STANDARD_ROUTER (SMR),,673542_BRA_Paulina_001,673542
DTXL20000,O/L,sha-99999-base,RIVERBED,STEELHEAD CXAXX55 SERIES,,673542_BRA_Sorriso_001,673542
LDEL2344,PLA,cisco2901-16ts/k9,LANAS,LANAS_STANDARD_ROUTER (SMR),,673542_BRA_Sorriso_001,673542
KABZ30001,PLA,ws-c2960-24tc-l,LAN VPN,CUSTOMER_ACCESS_SWITCH,KABZ30001,jeanbaptiste.ciccolella@orange.co_005293,673542
LDEL2346,PLA,cisco881-k9,LANAS,LANAS_STANDARD_ROUTER (SMR),,673542_CAN_Montreal_00001,673542
KAKR1002,PLA,ws-c2960+24lc-l,IPNET,CUSTOMER_ACCESS_SWITCH,KAKR1002,673542_CAN_Montreal_001,673542
LDEL2555,PLA,cisco1841,LANAS,LANAS_STANDARD_ROUTER (SMR),,673542_CAN_Montreal_001,673542
KAKR1003,PLA,ws-c2960+24lc-l,IPNET,CUSTOMER_ACCESS_SWITCH,KAKR1003,673542_CAN_Montreal_002,673542
LOTM002,PLA,cisco2821-vsec/k9,LANAS,LANAS_STANDARD_ROUTER (SMR),,673542_CAN_Montreal_002,673542
KAKR1005,NEW,ws-c2960+24lc-l,IPNET,CUSTOMER_ACCESS_SWITCH,KAKR1005,673542_CAN_Sherbrooke_002,673542
LVPZ023,PLA,cisco881-k9,LANAS,LANAS_STANDARD_ROUTER (SMR),,673542_CAN_Sherbrooke_002,673542
LVPZ024,PLA,cisco881-k9,LANAS,LANAS_STANDARD_ROUTER (SMR),,673542_CAN_Windsor_00001,673542
KANR80001,NEW,ws-c2960-24tc-s,LAN VPN,CUSTOMER_ACCESS_SWITCH,KANR80001,673542_BEL_Deurne_00002,673542
LVPZ026,PLA,cisco881-k9,LANAS,LANAS_STANDARD_ROUTER (SMR),,673542_CHE_Grand-Saconnex_001,673542
KANR80002,NEW,ws-c2960-24tc-s,LAN VPN,CUSTOMER_ACCESS_SWITCH,KANR80002,673542_BEL_Deurne_00002,673542
NLON1026,NEW,cisco881-k9,NBD,NETWORK_BOOST_PROBE,,673542_CHE_Zurich_00001,673542
KASJ30005,PLA,ws-c4507r+e,LAN VPN,CUSTOMER_ACCESS_SWITCH,KASJ30005,Test_Mr_Oct,673542
KATH1217,NEW,ws-c2960+24lc-l,IPNET,CUSTOMER_ACCESS_SWITCH,KATH1217,673542_DEU_Eiterfeld_002,673542
PAKR30001,PLA,c881-k9,IPNET,ICN_CPE_ROUTER,PAKR30001,123456,673542
KATH1218,NEW,ws-c2960+24lc-l,IPNET,CUSTOMER_ACCESS_SWITCH,KATH1218,673542_DEU_Frankfurt_00001,673542
KATH1219,PLA,ws-c2960+24lc-l,IPNET,CUSTOMER_ACCESS_SWITCH,KATH1219,673542_DEU_Frankfurt_00002,673542
KATH1220,NEW,cisco1921-sec/k9,IPNET,CUSTOMER_ACCESS_SWITCH,KATH1220,673542_DEU_Frankfurt_00005,673542
KATH1221,NEW,cisco1921-sec/k9,IPNET,CUSTOMER_ACCESS_SWITCH,KATH1221,673542_DEU_Frankfurt_00006,673542
KATH1222,NEW,cisco1921-sec/k9,IPNET,CUSTOMER_ACCESS_SWITCH,KATH1222,673542_DEU_Frankfurt_00007,673542
KATH1223,NEW,cisco1921-sec/k9,IPNET,CUSTOMER_ACCESS_SWITCH,KATH1223,673542_DEU_MÅnchen_001,673542
KATH1224,NEW,cisco1921-sec/k9,IPNET,CUSTOMER_ACCESS_SWITCH,KATH1224,673542_DEU_Munich_00002,673542
PAOC027,NEW,cisco1941-sec/k9,IPNET,ICN_CPE_ROUTER,PAOC027,673542_DEU_Munich_00002,673542
KATH1225,NEW,ws-c2960+24lc-l,IPNET,CUSTOMER_ACCESS_SWITCH,KATH1225,673542_DEU_Oberkochen_001,673542
KBEG80001,UNDEF,ws-c2960-24tc-s,LAN VPN,CUSTOMER_ACCESS_SWITCH,KBEG80001,1234,673542
PLON10038,NEW,cisco1803w-ag-b/k9,IPNET,ICN_CPE_ROUTER,PLON10038,673542_DNK_Ballerup_00001,673542
KBEG80002,UNDEF,ws-c2912mf-xl,LAN VPN,CUSTOMER_ACCESS_SWITCH,KBEG80002,1234,673542
PBEG30029,PLA,c881-k9,IPNET,ICN_CPE_ROUTER,PBEG30029,1234,673542
KBEG80004,PLA,ws-c2960-24tc-s,LAN VPN,CUSTOMER_ACCESS_SWITCH,KBEG80004,1234,673542
PLON10041,NEW,cis-cisco1841,IPNET,ICN_CPE_ROUTER,PLON10041,673542_DNK_Kobenhavn_00001,673542
PBHO013,NEW,cisco2821,IPNET,ICN_CPE_ROUTER,PBHO013,673542_DZA_Birtouta_001,673542
PBOM1969,NEW,cisco1803w-ag-b/k9,IPNET,ICN_CPE_ROUTER,PBOM1969,673542_EGY_Ain Shams Sharkeya_001,673542
PLON10052,PLA,cisco3825,IPNET,ICN_CPE_ROUTER,PLON10052,673542_EGY_Cairo_00001_MIG_001,673542
PLON10053,NEW,cisco2821,IPNET,ICN_CPE_ROUTER,PLON10053,673542_EGY_Cairo_00002_MIG_001,673542
PLON10056,NEW,0s940-ft-10g/ac2,IPNET,ICN_CPE_ROUTER,PLON10056,673542_EGY_Cairo_00003,673542
KBER30027,PLA,ws-c2960-24tc-l,LAN VPN,CUSTOMER_ACCESS_SWITCH,KBER30027,wew_436036_DUP,673542
PBOM2045,NEW,cisco2821-vsec/k9,IPNET,ICN_CPE_ROUTER,PBOM2045,673542_EGY_Cairo_00005,673542
KBER30028,NEW,ws-c2960-24tc-l,LAN VPN,CUSTOMER_ACCESS_SWITCH,KBER30028,wew_436036_DUP,673542
KBER80005,PLA,ws-c2960-48tc-s,LAN VPN,CUSTOMER_ACCESS_SWITCH,KBER80005,wew_436036_DUP,673542
KBER80006,PLA,ws-c2912mf-xl,LAN VPN,CUSTOMER_ACCESS_SWITCH,KBER80006,wew_436036_DUP,673542
PBOM2068,NEW,cs 10008,IPNET,ICN_CPE_ROUTER,PBOM2068,673542_ESP_El Escorial_001,673542
KBER80011,NEW,ws-c2960-48tc-s,LAN VPN,CUSTOMER_ACCESS_SWITCH,KBER80011,wew_436036_DUP,673542
PBOM2098,NEW,cs 10008,IPNET,ICN_CPE_ROUTER,PBOM2098,673542_FRA_Montataire_001,673542
KBER80015,UNDEF,ws-c2960-48tc-s,LAN VPN,CUSTOMER_ACCESS_SWITCH,KBER80015,wew_436036_DUP,673542
PBOM2106,PLA,cisco1941-sec/k9,IPNET,ICN_CPE_ROUTER,PBOM2106,673542_FRA_Moriäres-läs-Avignon_001,673542
PLON10071,NEW,7206vxr/npe-g1,IPNET,ICN_CPE_ROUTER,PLON10071,673542_FRA_Moriäres-läs-Avignon_001,673542
KBER80016,INSTALLED,lbb_230,LAN VPN,CUSTOMER_ACCESS_SWITCH,KBER80016,wew_436036_DUP,673542
PBOM2117,NEW,cisco881-k9,IPNET,ICN_CPE_ROUTER,PBOM2117,673542_FRA_Paris_00001,673542
PLON10075,PLA,cisco7206-vxrg-vpnk9,IPNET,ICN_CPE_ROUTER,PLON10075,673542_FRA_Paris_00003,673542
PBOM2191,NEW,cisco1921-sec/k9,IPNET,ICN_CPE_ROUTER,PBOM2191,673542_FRA_Paris_00003_MIG_001,673542
PBOM2195,NEW,cisco1921-sec/k9,IPNET,ICN_CPE_ROUTER,PBOM2195,673542_FRA_Paris_00004,673542
KBPM30003,PLA,ws-c4507r+e,LAN VPN,CUSTOMER_ACCESS_SWITCH,KBPM30003,Secunderabad Sales Office,673542
PBOM2204,NEW,cisco1941-sec/k9,IPNET,ICN_CPE_ROUTER,PBOM2204,673542_FRA_Paris_00005,673542
KBQN30001,PLA,ws-c2960-24tc-l,LAN VPN,CUSTOMER_ACCESS_SWITCH,KBQN30001,wcwc_002530,673542
PBOM2221,NEW,cisco1941-vsec/k9,IPNET,ICN_CPE_ROUTER,PBOM2221,673542_FRA_Paris_001,673542
KBQN30002,PLA,ws-c2960-24tc-l,LAN VPN,CUSTOMER_ACCESS_SWITCH,KBQN30002,wcwc_002530,673542
PBOM2233,NEW,ci-cisco4431-k9,IPNET,ICN_CPE_ROUTER,PBOM2233,673542_FRA_Paris_002,673542
KBQN30003,PLA,ws-c3650-24ps-l,LAN VPN,CUSTOMER_ACCESS_WIRELESS_SWITCH,KBQN30003,wcwc_002530,673542
PBRU5316,PLA,cs 10008,IPNET,ICN_CPE_ROUTER,PBRU5316,673542_FRA_Paris_003,673542
KBQN30004,PLA,ws-c3750g-24t-e,LAN VPN,CUSTOMER_ACCESS_SWITCH,KBQN30004,wcwc_002530,673542
KBRU30002,PLA,ws-c3560x-48p-e,LAN VPN,CUSTOMER_ACCESS_SWITCH,KBRU30002,673542_BEL_XXXYYYZZZ,673542
PLON10090,NEW,cisco2811-adsl/k9-tp,IPNET,ICN_CPE_ROUTER,PLON10090,673542_FRA_Saint-Denis_001,673542
KBRU30003,PLA,ws-c2960-48pst-l,LAN VPN,CUSTOMER_ACCESS_SWITCH,KBRU30003,673542_BEL_XXXYYYZZZ,673542
PLON10091,PLA,cisco2811-adsl/k9-tp,IPNET,ICN_CPE_ROUTER,PLON10091,673542_FRA_Saint-Germain-des-Champs_00001,673542
KBRU30004,PLA,ws-c2960-48pst-l,LAN VPN,CUSTOMER_ACCESS_SWITCH,KBRU30004,673542_BEL_XXXYYYZZZ,673542
KBRU80001,PLA,ws-c2960c-8pc-l,LAN VPN,CUSTOMER_ACCESS_SWITCH,KBRU80001,673542_BEL_XXXYYYZZZ,673542
KCTU30007,PLA,ws-c4948e-s,LAN VPN,CUSTOMER_ACCESS_SWITCH,KCTU30007,"12, test",673542
KCTU80001,PLA,ws-c2960-48tc-s,LAN VPN,CUSTOMER_ACCESS_SWITCH,KCTU80001,"12, test",673542
KCTU80002,PLA,ws-c2960c-8pc-l,LAN VPN,CUSTOMER_ACCESS_SWITCH,KCTU80002,"12, test",673542
PLON10117,NEW,cisco2821,IPNET,ICN_CPE_ROUTER,PLON10117,673542_GBR_London_00001,673542
PCPH1420,NEW,c892fsp-k9,IPNET,ICN_CPE_ROUTER,PCPH1420,673542_GBR_London_00001_MIG_001,673542
PCPH1438,NEW,c892fsp-k9,IPNET,ICN_CPE_ROUTER,PCPH1438,673542_GBR_London_00002,673542
PCPH1439,NEW,c892fsp-k9,IPNET,ICN_CPE_ROUTER,PCPH1439,673542_GBR_London_00002_MIG_001,673542
PCPH1440,NEW,c892fsp-k9,IPNET,ICN_CPE_ROUTER,PCPH1440,673542_GBR_London_00003,673542
PLON10127,NEW,cisco2821,IPNET,ICN_CPE_ROUTER,PLON10127,673542_GBR_London_00003,673542
KDEL1190,PLA,air-cap3702i-s-k9,LAN_VPN,CUSTOMER_ACCESS_SWITCH,KDEL1190,673542_GBR_London_00003_MIG_001,673542
PLON10152,NEW,cs 10008,IPNET,ICN_CPE_ROUTER,PLON10152,673542_GBR_London_00003_MIG_001,673542
KENY80001,PLA,ws-c2960-24tc-s,LAN VPN,CUSTOMER_ACCESS_SWITCH,KENY80001,657680,673542
PCPH1454,NEW,c892fsp-k9,IPNET,ICN_CPE_ROUTER,PCPH1454,673542_GBR_London_00004,673542
PLON10153,NEW,cisco1803w-ag-b/k9,IPNET,ICN_CPE_ROUTER,PLON10153,673542_GBR_London_00004,673542
PLON10154,PLA,cs 10008,IPNET,ICN_CPE_ROUTER,PLON10154,673542_GBR_London_00005,673542
PCPH1461,NEW,c892fsp-k9,IPNET,ICN_CPE_ROUTER,PCPH1461,673542_GBR_London_00006,673542
PLON10156,NEW,cisco2921-vsec/k9,IPNET,ICN_CPE_ROUTER,PLON10156,673542_GBR_London_00006,673542
PCPH1466,NEW,c892fsp-k9,IPNET,ICN_CPE_ROUTER,PCPH1466,673542_GBR_London_00007,673542
PLON10167,NEW,cisco1921-sec/k9,IPNET,ICN_CPE_ROUTER,PLON10167,673542_GBR_London_00007,673542
PLON10169,NEW,idirect evolution x5,IPNET,ICN_CPE_ROUTER,PLON10169,673542_GBR_London_00008,673542
PLON10180,NEW,cisco1921-sec/k9,IPNET,ICN_CPE_ROUTER,PLON10180,673542_GBR_London_00008_MIG_001,673542
KEZE80009,PLA,ws-c2960-8tc-s,LAN VPN,CUSTOMER_ACCESS_SWITCH,KEZE80009,2273_ARG_Trist†n Su†rez_001,673542
PLON10181,NEW,ci-cisco4431-k9,IPNET,ICN_CPE_ROUTER,PLON10181,673542_GBR_London_00009,673542
KEZE80010,PLA,ws-c2960-24lt-l,LAN VPN,CUSTOMER_ACCESS_SWITCH,KEZE80010,2273_ARG_Trist†n Su†rez_001,673542
PLON10182,NEW,cisco1921-sec/k9,IPNET,ICN_CPE_ROUTER,PLON10182,673542_GBR_London_00009_MIG_001,673542
KEZE80011,PLA,ws-c2960-24tc-s,LAN VPN,CUSTOMER_ACCESS_SWITCH,KEZE80011,2273_ARG_Trist†n Su†rez_001,673542
PLON10185,NEW,cisco1921-sec/k9,IPNET,ICN_CPE_ROUTER,PLON10185,673542_GBR_London_00010,673542
KEZE80012,PLA,ws-c2960-24-s,LAN VPN,CUSTOMER_ACCESS_SWITCH,KEZE80012,2273_ARG_Trist†n Su†rez_001,673542
PLON10186,NEW,cisco1841,IPNET,ICN_CPE_ROUTER,PLON10186,673542_GBR_London_00010_MIG_001,673542
PCPH1507,NEW,c892fsp-k9,IPNET,ICN_CPE_ROUTER,PCPH1507,673542_GBR_London_00011,673542
PLON10189,NEW,cisco2821,IPNET,ICN_CPE_ROUTER,PLON10189,673542_GBR_London_00011,673542
KHAM1224,NEW,cisco2811,IPNET,CUSTOMER_ACCESS_SWITCH,KHAM1224,673542_GBR_London_00012,673542
PLON10197,NEW,cisco1921-sec/k9,IPNET,ICN_CPE_ROUTER,PLON10197,673542_GBR_London_00012,673542
KHAM1225,NEW,0s940-ft/ac-2,IPNET,CUSTOMER_ACCESS_SWITCH,KHAM1225,673542_GBR_London_00012_MIG_001,673542
PLON10198,NEW,cisco1921-sec/k9,IPNET,ICN_CPE_ROUTER,PLON10198,673542_GBR_London_00012_MIG_001,673542
PCPH1514,NEW,c1111-4p,IPNET,ICN_CPE_ROUTER,PCPH1514,673542_GBR_London_00013,673542
PLON10199,NEW,cisco2821,IPNET,ICN_CPE_ROUTER,PLON10199,673542_GBR_London_00013,673542
PLON10202,NEW,cisco1941-sec/k9,IPNET,ICN_CPE_ROUTER,PLON10202,673542_GBR_London_00013_MIG_001,673542
PLON10203,NEW,cisco1941-sec/k9,IPNET,ICN_CPE_ROUTER,PLON10203,673542_GBR_London_00014,673542
PLON10204,NEW,cisco1921-sec/k9,IPNET,ICN_CPE_ROUTER,PLON10204,673542_GBR_London_00015_MIG_001,673542
KHLV30009,PLA,ws-c2960-24tc-s,LAN VPN,CUSTOMER_ACCESS_SWITCH,KHLV30009,673542_AUS_Portsmith_001,673542
PLON10205,PLA,cisco1921-sec/k9,IPNET,ICN_CPE_ROUTER,PLON10205,673542_GBR_London_00016,673542
PLON10212,NEW,cisco2821-sec-k9,IPNET,ICN_CPE_ROUTER,PLON10212,673542_GBR_London_00017,673542
KHLV30011,PLA,ws-c2960-24tc-s,LAN VPN,CUSTOMER_ACCESS_SWITCH,KHLV30011,673542_AUS_Portsmith_001,673542
PLON9731,NEW,cisco1803w-ag-b/k9,IPNET,ICN_CPE_ROUTER,PLON9731,673542_GBR_London_00019,673542
KHLV30012,NEW,ws-c2960-24tc-s,LAN VPN,CUSTOMER_ACCESS_SWITCH,KHLV30012,673542_AUS_Portsmith_001,673542
KHLV80001,NEW,ws-c2960-24tc-s,LAN VPN,CUSTOMER_ACCESS_SWITCH,KHLV80001,673542_AUS_Portsmith_001,673542
KHLV80002,NEW,ws-c2960-24tc-s,LAN VPN,CUSTOMER_ACCESS_SWITCH,KHLV80002,673542_AUS_Portsmith_001,673542
PCPH1546,NEW,c1111-4p,IPNET,ICN_CPE_ROUTER,PCPH1546,673542_GBR_London__MIG1622,673542
KHLV80003,NEW,ws-c2960-24tc-s,LAN VPN,CUSTOMER_ACCESS_SWITCH,KHLV80003,673542_AUS_Portsmith_001,673542
PCPH1547,NEW,c1111-4p,IPNET,ICN_CPE_ROUTER,PCPH1547,673542_GBR_London__MIG1623,673542
KHLV80004,NEW,ws-c2960-24tc-s,LAN VPN,CUSTOMER_ACCESS_SWITCH,KHLV80004,673542_AUS_Portsmith_001,673542
PCPH1549,NEW,c1111-4p,IPNET,ICN_CPE_ROUTER,PCPH1549,673542_GBR_Slough_002,673542
PLON9772,NEW,cs 10008,IPNET,ICN_CPE_ROUTER,PLON9772,673542_HKG_Tsuen Wan_001,673542
PCPH1552,NEW,c1111-4p,IPNET,ICN_CPE_ROUTER,PCPH1552,673542_IND_ABBB_001,673542
PLON9773,NEW,cisco3945e/k9,IPNET,ICN_CPE_ROUTER,PLON9773,673542_IND_ABBB_001,673542
PCPH1553,NEW,c1111-4p,IPNET,ICN_CPE_ROUTER,PCPH1553,673542_IND_Dalmiapuram_00001,673542
PLON9774,NEW,cisco2851,IPNET,ICN_CPE_ROUTER,PLON9774,673542_IND_Dalmiapuram_00001,673542
PCPH1556,NEW,cisco1921-sec/k9,IPNET,ICN_CPE_ROUTER,PCPH1556,673542_IND_Delhi_00002,673542
PCPH1573,NEW,c1111-4p,IPNET,ICN_CPE_ROUTER,PCPH1573,673542_IND_Gurgaon_00001,673542
PLON9793,NEW,cisco2901/k9,IPNET,ICN_CPE_ROUTER,PLON9793,673542_IND_Gurgaon_00001,673542
PCPH1586,NEW,cisco2811,IPNET,ICN_CPE_ROUTER,PCPH1586,673542_IND_Madurai_001,673542
PCPH1587,NEW,cisco2821,IPNET,ICN_CPE_ROUTER,PCPH1587,673542_IND_Mumbai_00002,673542
KHWK30022,PLA,ws-c2960-48tc-s,LAN VPN,CUSTOMER_ACCESS_SWITCH,KHWK30022,Test00001,673542
PCPH1590,NEW,cisco2811,IPNET,ICN_CPE_ROUTER,PCPH1590,673542_IND_Mumbai_00004,673542
PLON9813,NEW,cisco2821-vsec/k9,IPNET,ICN_CPE_ROUTER,PLON9813,673542_IND_Mumbai_00004,673542
KHWK30023,PLA,ws-c2960c-12pc-l,LAN VPN,CUSTOMER_ACCESS_SWITCH,KHWK30023,Test00001,673542
PCPH1591,NEW,,IPNET,ICN_CPE_ROUTER,PCPH1591,673542_IND_Mumbai_00007,673542
PLON9822,NEW,0s912/ac-2,IPNET,ICN_CPE_ROUTER,PLON9822,673542_IND_Mumbai_00007,673542
KHWK30024,PLA,ws-c2975gs-48ps-l,LAN VPN,CUSTOMER_ACCESS_SWITCH,KHWK30024,Test00001,673542
PCPH1595,O/L,cisco2821,IP VPN,ICN_CPE_ROUTER,PCPH1595,673542_DNK_Kobenhavn_00001,673542
PCPH1596,NEW,cisco2821,IPNET,ICN_CPE_ROUTER,PCPH1596,673542_IND_Mumbai_MIG2054,673542
PCPH1597,O/L,cisco2821,IP VPN,ICN_CPE_ROUTER,PCPH1597,673542_DNK_Kobenhavn_00001,673542
PCTU30037,PLA,c892fsp-k9,IPNET,ICN_CPE_ROUTER,PCTU30037,"12, test",673542
PLON9843,NEW,cisco2821-vsec/k9,IPNET,ICN_CPE_ROUTER,PLON9843,673542_IND_Tatiri_00001,673542
KHWK80002,PLA,ws-c2960-24-s,LAN VPN,CUSTOMER_ACCESS_SWITCH,KHWK80002,Test00001,673542
PLON9850,NEW,cisco1803w-ag-b/k9,IPNET,ICN_CPE_ROUTER,PLON9850,673542_IRL_Dublin_001,673542
PCTU424,PLA,cisco2851,IPNET,ICN_CPE_ROUTER,PCTU424,673542_ITA_Agrigento_00001,673542
PLON9853,NEW,cisco1803w-ag-b/k9,IPNET,ICN_CPE_ROUTER,PLON9853,673542_ITA_Agrigento_00001,673542
KHWK80004,PLA,ws-c2960c-8pc-l,LAN VPN,CUSTOMER_ACCESS_SWITCH,KHWK80004,Test00001,673542
PCTU426,NEW,cisco2821,IPNET,ICN_CPE_ROUTER,PCTU426,673542_ITA_Cesate_001,673542
PCTU428,NEW,cisco2821,IPNET,ICN_CPE_ROUTER,PCTU428,673542_ITA_Milano_00002,673542
PCTU431,NEW,cisco2821,IPNET,ICN_CPE_ROUTER,PCTU431,673542_ITA_Verona_00001,673542
PLON9868,NEW,cisco2901-v/k9,IPNET,ICN_CPE_ROUTER,PLON9868,673542_ITA_Verona_00001,673542
KHWK80008,PLA,ws-c2960c-8pc-l,LAN VPN,CUSTOMER_ACCESS_SWITCH,KHWK80008,Test00001,673542
PCTU438,NEW,cisco2821,IPNET,ICN_CPE_ROUTER,PCTU438,673542_ITA_Verona_00001_MIG_001,673542
PLON9876,NEW,cs 10008,IPNET,ICN_CPE_ROUTER,PLON9876,673542_ITA_Verona_00001_MIG_001,673542
PLON9878,NEW,cs 10008,IPNET,ICN_CPE_ROUTER,PLON9878,673542_JOR_Amman_001,673542
PCTU449,NEW,cisco2821,IPNET,ICN_CPE_ROUTER,PCTU449,673542_KAZ_Astana_002,673542
PCTU451,NEW,c892fsp-k9,IPNET,ICN_CPE_ROUTER,PCTU451,673542_MEX_Ciudad de MÇxico_001,673542
PCTU452,NEW,c892fsp-k9,IPNET,ICN_CPE_ROUTER,PCTU452,673542_MYS_Kuala Lumpur_001,673542
PLON9889,NEW,cs 10008,IPNET,ICN_CPE_ROUTER,PLON9889,673542_MYS_Kuala Lumpur_001,673542
KKNU30008,PLA,ws-c2960-48tc-s,LAN VPN,CUSTOMER_ACCESS_SWITCH,KKNU30008,123123123,673542
PLON9891,NEW,0s912/ac-2,IPNET,ICN_CPE_ROUTER,PLON9891,673542_NLD_Amsterdam_00001,673542
KKNU30009,PLA,ws-c4948e-s,LAN VPN,CUSTOMER_ACCESS_SWITCH,KKNU30009,123123123,673542
PCTU486,NEW,cisco2821,IPNET,ICN_CPE_ROUTER,PCTU486,673542_NLD_Schiphol_001,673542
PLON9893,NEW,cs 10008,IPNET,ICN_CPE_ROUTER,PLON9893,673542_NLD_Schiphol_001,673542
KKNU30010,PLA,ws-c4948e-s,LAN VPN,CUSTOMER_ACCESS_SWITCH,KKNU30010,123123123,673542
PCTU489,NEW,cisco2821,IPNET,ICN_CPE_ROUTER,PCTU489,673542_NZL_Auckland_001,673542
PLON9911,PLA,cs 10008,IPNET,ICN_CPE_ROUTER,PLON9911,673542_NZL_Auckland_001,673542
KKNU30011,PLA,ws-c4948e-s,LAN VPN,CUSTOMER_ACCESS_SWITCH,KKNU30011,123123123,673542
PCTU490,NEW,cisco2851,IPNET,ICN_CASCADED_CPE_ROUTER,PCTU490,673542_OMN_Muscat_002,673542
KKNU30012,PLA,ws-c2960c-8pc-l,LAN VPN,CUSTOMER_ACCESS_SWITCH,KKNU30012,123123123,673542
PCTU495,NEW,cisco2821,IPNET,ICN_CPE_ROUTER,PCTU495,673542_POL_Warsaw_001,673542
KKNU30013,PLA,ws-c2960c-8pc-l,LAN VPN,CUSTOMER_ACCESS_SWITCH,KKNU30013,123123123,673542
KKNU80001,PLA,ws-c2960-48tc-s,LAN VPN,CUSTOMER_ACCESS_SWITCH,KKNU80001,123123123,673542
PDEL2315,NEW,c892fsp-k9,IPNET,ICN_CPE_ROUTER,PDEL2315,673542_RUS_Moskva_001,673542
KKNU80002,PLA,ws-c2960c-8pc-l,LAN VPN,CUSTOMER_ACCESS_SWITCH,KKNU80002,123123123,673542
PDEL2316,NEW,c892fsp-k9,IPNET,ICN_CPE_ROUTER,PDEL2316,673542_RUS_Saint Petersburg_001,673542
PDEL2318,NEW,c891f-k9,IPNET,ICN_CPE_ROUTER,PDEL2318,673542_SAU_Jeddah_00001,673542
KKNU80005,PLA,ws-c2960c-8pc-l,LAN VPN,CUSTOMER_ACCESS_SWITCH,KKNU80005,123123123,673542
PDEL2328,NEW,c892fsp-k9,IPNET,ICN_CPE_ROUTER,PDEL2328,673542_TUR_Mamak_001,673542
KKNU80007,PLA,ws-c2960-48tc-s,LAN VPN,CUSTOMER_ACCESS_SWITCH,KKNU80007,123123123,673542
PDEL2335,NEW,c892fsp-k9,IPNET,ICN_CPE_ROUTER,PDEL2335,673542_USA_Aberdeen_00001,673542
KLON2358,PLA,cs 7606-s,LAN_VPN,CUSTOMER_ACCESS_SWITCH,KLON2358,673542_USA_Acworth_001,673542
PDEL2348,NEW,c892fsp-k9,IPNET,ICN_CPE_ROUTER,PDEL2348,673542_USA_Acworth_001,673542
KLON2486,PLA,air-ap1131g-e-k9,LAN_VPN,CUSTOMER_ACCESS_SWITCH,KLON2486,673542_USA_Amsterdam_00001,673542
KLON2487,PLA,c9200-24t-e,LAN_VPN,CUSTOMER_ACCESS_SWITCH,KLON2487,673542_USA_Austin_001,673542
KLON2488,NEW,cisco1921-sec/k9,IPNET,CUSTOMER_ACCESS_SWITCH,KLON2488,673542_USA_Chicago_00001,673542
KLON30003,PLA,ws-c4507r+e,LAN VPN,CUSTOMER_ACCESS_SWITCH,KLON30003,673542_GBR_London_00001_MIG_001,673542
KLOU80001,PLA,ws-c2960c-8pc-l,LAN VPN,CUSTOMER_ACCESS_SWITCH,KLOU80001,OUSLOUIS5200,673542
KLRT80001,PLA,ws-c2960c-8pc-l,LAN VPN,CUSTOMER_ACCESS_SWITCH,KLRT80001,_DEDUP_661603_FRA_Lorient_00001_DEDUP_,673542
KLRT80002,PLA,ws-c2960-24-s,LAN VPN,CUSTOMER_ACCESS_SWITCH,KLRT80002,_DEDUP_661603_FRA_Lorient_00001_DEDUP_,673542
KLRT80004,PLA,ws-c2960c-8pc-l,LAN VPN,CUSTOMER_ACCESS_SWITCH,KLRT80004,_DEDUP_661603_FRA_Lorient_00001_DEDUP_,673542
PDEL2392,NEW,c891f-k9,IPNET,ICN_CPE_ROUTER,PDEL2392,673542_USA_New York_001,673542
PDEL2394,NEW,cisco1803w-ag-b/k9,IPNET,ICN_CPE_ROUTER,PDEL2394,673542_USA_New York_003,673542
PDEL2396,NEW,c1-cisco4431/k9,IPNET,ICN_CPE_ROUTER,PDEL2396,673542_USA_Springfield_001,673542
PLON9963,NEW,cisco1803w-ag-b/k9,IPNET,ICN_CPE_ROUTER,PLON9963,673542_USA_Springfield_001,673542
PDEL2398,NEW,c892fsp-k9,IPNET,ICN_CPE_ROUTER,PDEL2398,673542_USA_Tifton_001,673542
KPAR30010,PLA,ws-c4948e-s,LAN VPN,CUSTOMER_ACCESS_SWITCH,KPAR30010,60274_FRA_Paris_001,673542
KQAX1001,NEW,ws-c2960+24lc-l,IPNET,CUSTOMER_ACCESS_SWITCH,KQAX1001,673542_USA_Washington_00003,673542
PLON9970,NEW,cs 10008,IPNET,ICN_CPE_ROUTER,PLON9970,673542_USA_Washington_00003,673542
KQJK1001,NEW,ws-c2960+24lc-l,IPNET,CUSTOMER_ACCESS_SWITCH,KQJK1001,ALBURY_000225,673542
PDEL2404,NEW,c892fsp-k9,IPNET,ICN_CPE_ROUTER,PDEL2404,ALBURY_000225,673542
PLON9980,NEW,cisco1803w-ag-b/k9,IPNET,ICN_CPE_ROUTER,PLON9980,ALBURY_000225,673542
KQKG1001,NEW,ws-c2960+24lc-l,IPNET,CUSTOMER_ACCESS_SWITCH,KQKG1001,ALLAHABAD_005292,673542
PDEL2406,NEW,c892fsp-k9,IPNET,ICN_CPE_ROUTER,PDEL2406,ALLAHABAD_005292,673542
PLON9981,NEW,cisco1803w-ag-b/k9,IPNET,ICN_CPE_ROUTER,PLON9981,ALLAHABAD_005292,673542
PDEL2407,NEW,c892fsp-k9,IPNET,ICN_CPE_ROUTER,PDEL2407,ANTIBEs_014352,673542
PLON9985,NEW,cisco1941-sec/k9,IPNET,ICN_CPE_ROUTER,PLON9985,ANTIBEs_014352,673542
KSIN30013,PLA,ws-c2940-8tf-s,LAN VPN,CUSTOMER_ACCESS_SWITCH,KSIN30013,23012_SGP_SG01_Singapore,673542
PDEL2408,NEW,c892fsp-k9,IPNET,ICN_CPE_ROUTER,PDEL2408,bb_003753,673542
KSIN30014,PLA,ws-c2960-24lt-l,LAN VPN,CUSTOMER_ACCESS_SWITCH,KSIN30014,23012_SGP_SG01_Singapore,673542
PDEL2409,NEW,c892fsp-k9,IPNET,ICN_CPE_ROUTER,PDEL2409,BELLINZONA_000222,673542
KSIN30015,PLA,ws-c1924c-en,LAN VPN,CUSTOMER_ACCESS_SWITCH,KSIN30015,23012_SGP_SG01_Singapore,673542
KSIN30016,PLA,ws-c2960-24-s,LAN VPN,CUSTOMER_ACCESS_SWITCH,KSIN30016,23012_SGP_SG01_Singapore,673542
PDEL2413,NEW,cisco1941-sec/k9,IPNET,ICN_CPE_ROUTER,PDEL2413,BRESCIA_000230,673542
KSIN30021,PLA,ws-c2960-48tc-s,LAN VPN,CUSTOMER_ACCESS_SWITCH,KSIN30021,SG-SIN-OBS,673542
KSIN30022,PLA,ws-c2912mf-xl,LAN VPN,CUSTOMER_ACCESS_SWITCH,KSIN30022,SG-SIN-OBS,673542
KSIN30023,PLA,ws-c2960-48tc-s,LAN VPN,CUSTOMER_ACCESS_SWITCH,KSIN30023,SG-SIN-OBS,673542
PDEL2429,NEW,vedge-1000-ac,IPNET,ICN_CPE_ROUTER,PDEL2429,CHENGDU_000233,673542
KSIN30032,PLA,ws-c3550-48-smi,LAN VPN,CUSTOMER_ACCESS_SWITCH,KSIN30032,23012_SGP_SG01_Singapore,673542
KSIN30033,PLA,ws-c2960-24tc-l,LAN VPN,CUSTOMER_ACCESS_SWITCH,KSIN30033,23012_SGP_SG01_Singapore,673542
PDEL2440,NEW,cisco2901-16ts/k9,IPNET,ICN_CPE_ROUTER,PDEL2440,CIS0124265,673542
PMAD5619,NEW,c898ea-k9,IPNET,ICN_CPE_ROUTER,PMAD5619,CIS0124265,673542
KSIN30034,PLA,ws-c2960-24tc-l,LAN VPN,CUSTOMER_ACCESS_SWITCH,KSIN30034,23012_SGP_SG01_Singapore,673542
PDEL2442,NEW,c892fsp-k9,IPNET,ICN_CPE_ROUTER,PDEL2442,CIS0124294,673542
PMAD5691,NEW,cisco3925e-sec/k9,IPNET,ICN_CPE_ROUTER,PMAD5691,CIS0124294,673542
KSIN30035,PLA,ws-c2960-24tc-l,LAN VPN,CUSTOMER_ACCESS_SWITCH,KSIN30035,23012_SGP_SG01_Singapore,673542
PDEL2443,NEW,c892fsp-k9,IPNET,ICN_CPE_ROUTER,PDEL2443,CIS0124317,673542
PMAD5717,NEW,cisco2951-sec/k9,IPNET,ICN_CPE_ROUTER,PMAD5717,CIS0124317,673542
KSIN30037,PLA,ws-c1924c-en,LAN VPN,CUSTOMER_ACCESS_SWITCH,KSIN30037,23012_SGP_SG01_Singapore,673542
KSIN30194,NEW,ws-c2960-24tc-l,LAN VPN,CUSTOMER_ACCESS_SWITCH,KSIN30194,SG-SIN-OBS,673542
KSIN30195,NEW,ws-c3550-48-smi,LAN VPN,CUSTOMER_ACCESS_SWITCH,KSIN30195,SG-SIN-OBS,673542
PNYC2757,NEW,cisco1803w-ag-b/k9,IPNET,ICN_CPE_ROUTER,PNYC2757,c_003754,673542
KSIN30196,NEW,ws-c1912c-en,LAN VPN,CUSTOMER_ACCESS_SWITCH,KSIN30196,SG-SIN-OBS,673542
KSIN80002,UNDEF,ws-c2960-24lt-l,LAN VPN,CUSTOMER_ACCESS_SWITCH,KSIN80002,SG-SIN-OBS,673542
KSIN80003,PLA,ws-c2960c-8pc-l,LAN VPN,CUSTOMER_ACCESS_SWITCH,KSIN80003,SG-SIN-OBS,673542
KSIN80004,PLA,ws-c2960-24-s,LAN VPN,CUSTOMER_ACCESS_SWITCH,KSIN80004,SG-SIN-OBS,673542
KSUA80001,PLA,ws-c2960c-8pc-l,LAN VPN,CUSTOMER_ACCESS_SWITCH,KSUA80001,c_003754,673542
KSVM80001,PLA,ws-c2960-24-s,LAN VPN,CUSTOMER_ACCESS_SWITCH,KSVM80001,673542_AUS_Portsmith_001,673542
PPEK555,NEW,c892fsp-k9,IPNET,ICN_CPE_ROUTER,PPEK555,DORNBIRN_000228,673542
KSYD30005,PLA,ws-c4948e-s,LAN VPN,CUSTOMER_ACCESS_SWITCH,KSYD30005,673542_AUS_Roselands_001,673542
PDEL2485,NEW,cis-cisco1841,IPNET,ICN_CPE_ROUTER,PDEL2485,Evesham_003382,673542
PRUN80497,O/L,onelbb240,TPC,TPC_INTERNET,,ISTANBUL_000226,673542
PSCH009,NEW,isr4221/k9,IPNET,ICN_CPE_ROUTER,PSCH009,ISTANBUL_000226test,673542
PDEL2501,PLA,cis-cisco1841,IPNET,ICN_CPE_ROUTER,PDEL2501,jeanbaptiste.ciccolella@orange.co_005293,673542
PDEL2504,NEW,cisco1803w-ag-b/k9,IPNET,ICN_CPE_ROUTER,PDEL2504,jeanbaptiste.ciccolella@orange.co_007409,673542
PSYD2829,PLA,cisco1803w-ag-b/k9,IPNET,ICN_CPE_ROUTER,PSYD2829,jeanbaptiste.ciccolella@orange.co_007409,673542
PDEL2527,NEW,c-obs-2821-wae/k9,IPNET,ICN_CPE_ROUTER,PDEL2527,Joensuu_81,673542
PSYD2889,NEW,cisco2901-sec/k9,IPNET,ICN_CPE_ROUTER,PSYD2889,Joensuu_81,673542
PDEL2528,NEW,c-obs-2821-wae/k9,IPNET,ICN_CPE_ROUTER,PDEL2528,Jonkoping_400,673542
PSYD2897,NEW,cs 10008,IPNET,ICN_CPE_ROUTER,PSYD2897,Jonkoping_400,673542
KSYD30013,PLA,ws-c4948e-s,LAN VPN,CUSTOMER_ACCESS_SWITCH,KSYD30013,673542_AUS_Roselands_001,673542
PDEL2529,NEW,cis-cisco1841,IPNET,ICN_CPE_ROUTER,PDEL2529,Kemi_84,673542
PSYD2898,NEW,cs 10008,IPNET,ICN_CPE_ROUTER,PSYD2898,Kemi_84,673542
PDEL2530,NEW,c-obs-2821-wae/k9,IPNET,ICN_CPE_ROUTER,PDEL2530,Kolding_003380,673542
PSYD2984,NEW,cisco1941-sec/k9,IPNET,ICN_CPE_ROUTER,PSYD2984,Kolding_003380,673542
PDEL2531,NEW,cis-cisco1841,IPNET,ICN_CPE_ROUTER,PDEL2531,LUANDA_006577,673542
PVJI001,NEW,cisco1941-sec/k9,IPNET,ICN_CPE_ROUTER,PVJI001,LUANDA_006577,673542
PVPZ018,NEW,cisco1941/k9,IPNET,ICN_CPE_ROUTER,PVPZ018,MADRID_000229,673542
PVPZ019,NEW,cisco1941/k9,IPNET,ICN_CPE_ROUTER,PVPZ019,mashup test,673542
KSYD30018,PLA,ws-c2940-8tf-s,LAN VPN,CUSTOMER_ACCESS_SWITCH,KSYD30018,673542_AUS_Roselands_001,673542
PVPZ020,NEW,cisco1941/k9,IPNET,ICN_CPE_ROUTER,PVPZ020,Mora_313,673542
PVPZ021,NEW,cisco1941/k9,IPNET,ICN_CPE_ROUTER,PVPZ021,Netherland,673542
PVPZ031,NEW,cisco2821/k9,IPNET,ICN_CPE_ROUTER,PVPZ031,new_site3march,673542
PVPZ032,NEW,cisco2851,IPNET,ICN_CPE_ROUTER,PVPZ032,new_s_1,673542
PVPZ034,NEW,cm 201i,IPNET,ICN_CPE_ROUTER,PVPZ034,Oulu_92,673542
PVPZ039,NEW,cisco1941/k9,IPNET,ICN_CPE_ROUTER,PVPZ039,paris_002322,673542
PVPZ040,NEW,cisco1941/k9,IPNET,ICN_CPE_ROUTER,PVPZ040,Pessac_003379,673542
PVPZ045,NEW,cs 10008,IPNET,ICN_CPE_ROUTER,PVPZ045,Pommeuse_003381,673542
PVPZ048,NEW,cisco1941/k9,IPNET,ICN_CPE_ROUTER,PVPZ048,rennes_002577,673542
KSYD30027,PLA,ws-c4948e-s,LAN VPN,CUSTOMER_ACCESS_SWITCH,KSYD30027,673542_AUS_Roselands_001,673542
PVPZ049,NEW,cisco1941/k9,IPNET,ICN_CPE_ROUTER,PVPZ049,site_09_06_2012,673542
KSYD30028,PLA,ws-c2960c-8pc-l,LAN VPN,CUSTOMER_ACCESS_SWITCH,KSYD30028,673542_AUS_Roselands_001,673542
PVPZ058,NEW,isr4221/k9,IPNET,ICN_CPE_ROUTER,PVPZ058,site_123,673542
KSYD30029,PLA,ws-c2960c-8pc-l,LAN VPN,CUSTOMER_ACCESS_SWITCH,KSYD30029,673542_AUS_Roselands_001,673542
PVPZ059,NEW,cisco1941/k9,IPNET,ICN_CPE_ROUTER,PVPZ059,TC_GBR_London_001,673542
KSYD30030,PLA,ws-c4948e-s,LAN VPN,CUSTOMER_ACCESS_SWITCH,KSYD30030,673542_AUS_Roselands_001,673542
PVPZ060,NEW,isr4221/k9,IPNET,ICN_CPE_ROUTER,PVPZ060,TENGAH_000219,673542
KSYD30031,PLA,ws-c4948e-s,LAN VPN,CUSTOMER_ACCESS_SWITCH,KSYD30031,673542_AUS_Roselands_001,673542
PVPZ062,NEW,isr4221/k9,IPNET,ICN_CPE_ROUTER,PVPZ062,Test Customer,673542
KSYD30033,PLA,ws-c2960-48tt-s,LAN VPN,CUSTOMER_ACCESS_SWITCH,KSYD30033,673542_AUS_Roselands_001,673542
KSYD30034,PLA,ws-c2940-8tf-s,LAN VPN,CUSTOMER_ACCESS_SWITCH,KSYD30034,673542_AUS_Roselands_001,673542
PVPZ064,NEW,cisco1941/k9,IPNET,ICN_CPE_ROUTER,PVPZ064,Test Validation,673542
KSYD30035,PLA,ws-c2960-24lt-l,LAN VPN,CUSTOMER_ACCESS_SWITCH,KSYD30035,673542_AUS_Roselands_001,673542
KSYD30036,PLA,ws-c1924c-en,LAN VPN,CUSTOMER_ACCESS_SWITCH,KSYD30036,673542_AUS_Roselands_001,673542
PVPZ067,NEW,c2901-cme-srst/k9,IPNET,ICN_CPE_ROUTER,PVPZ067,test1,673542
KSYD30037,PLA,ws-c2960-24-s,LAN VPN,CUSTOMER_ACCESS_SWITCH,KSYD30037,673542_AUS_Roselands_001,673542
PVPZ068,NEW,cisco1941/k9,IPNET,ICN_CPE_ROUTER,PVPZ068,test12345,673542
KSYD30038,PLA,ws-c2960-48tt-s,LAN VPN,CUSTOMER_ACCESS_SWITCH,KSYD30038,673542_AUS_Roselands_001,673542
KSYD30039,PLA,ws-c2960-48tt-s,LAN VPN,CUSTOMER_ACCESS_SWITCH,KSYD30039,673542_AUS_Roselands_001,673542
PXMN235,NEW,c881-k9,IPNET,ICN_CPE_ROUTER,PXMN235,test_003777,673542
KSYD30042,PLA,ws-c2960c-8pc-l,LAN VPN,CUSTOMER_ACCESS_SWITCH,KSYD30042,673542_CUB_Holgu°n_001,673542
PXMN236,NEW,c881-k9,IPNET,ICN_CPE_ROUTER,PXMN236,test_003807,673542
PXMN237,PLA,c881-k9,IPNET,ICN_CPE_ROUTER,PXMN237,test_003808,673542
KSYD80002,NEW,ws-c2940-8tf-s,LAN VPN,CUSTOMER_ACCESS_SWITCH,KSYD80002,"12, test",673542
PXQD121,NEW,cs 10008,IPNET,ICN_CPE_ROUTER,PXQD121,test_003913232 Testing,673542
PDEL2658,NEW,,IPNET,ICN_CPE_ROUTER,PDEL2658,test_005217,673542
PZLX078,NEW,cs 10008,IPNET,ICN_CPE_ROUTER,PZLX078,test_005217,673542
KTBS30001,PLA,ws-c3560-48ts-e,LAN VPN,CUSTOMER_ACCESS_SWITCH,KTBS30001,673542_GEO_Tbilisi_001,673542
PZLX081,NEW,ci-cisco4431-k9,IPNET,ICN_CPE_ROUTER,PZLX081,test_008692,673542
KVPZ1001,PLA,cs 7606-s,LAN_VPN,CUSTOMER_ACCESS_SWITCH,KVPZ1001,test_99999,673542
PDEL2679,NEW,cisco1803w-ag-b/k9,IPNET,ICN_CPE_ROUTER,PDEL2679,test_99999,673542
KVPZ1002,PLA,cs 7606-s,LAN_VPN,CUSTOMER_ACCESS_SWITCH,KVPZ1002,Test_Mr_Oct,673542
PDEL2680,NEW,cisco1803w-ag-b/k9,IPNET,ICN_CPE_ROUTER,PDEL2680,Test_Mr_Oct,673542
PZLX088,NEW,cisco1803w-ag-b/k9,IPNET,ICN_CPE_ROUTER,PZLX088,Test_Mr_Oct,673542
PDEL2681,NEW,cisco1803w-ag-b/k9,IPNET,ICN_CPE_ROUTER,PDEL2681,Turku_98,673542
PZLX089,NEW,cisco1803w-ag-b/k9,IPNET,ICN_CPE_ROUTER,PZLX089,Turku_98,673542
KVPZ80001,PLA,ws-c2960c-8pc-l,LAN VPN,CUSTOMER_ACCESS_SWITCH,KVPZ80001,c_003754,673542
PDEL2682,NEW,cisco1803w-ag-b/k9,IPNET,ICN_CPE_ROUTER,PDEL2682,USA_123,673542
PZLX090,NEW,cisco1921/k9,IPNET,ICN_CPE_ROUTER,PZLX090,USA_123,673542
PZLX093,NEW,cis-cisco1841,IPNET,ICN_CPE_ROUTER,PZLX093,wcwc_002530,673542
PDEL2695,NEW,cisco1941-sec/k9,IPNET,ICN_CPE_ROUTER,PDEL2695,wcwc_002530,673542
PZLX094,NEW,cisco1921-sec/k9,IPNET,ICN_CPE_ROUTER,PZLX094,WEW,673542
PDEL2717,NEW,cisco1921-sec/k9,IPNET,ICN_CPE_ROUTER,PDEL2717,WEW,673542
PBOM2249,O/L,ci-cisco4431-k9,IP VPN,ICN_CPE_ROUTER,PBOM2249,CIS0124317,673542
PCPH1615,CEASING,cisco2851,IP VPN,ICN_CPE_ROUTER,PCPH1615,673542_DNK_Kobenhavn_00001,673542
AZNN30226,O/L,air-ap1141n-a-k9,LAN VPN,WIRELESS_ACCESS_POINT,AZNN30226,673542_DEU_Bonn_001,673542
KBRU30148,O/L,ws-c2960-24tc-l,LAN VPN,CUSTOMER_ACCESS_SWITCH,KBRU30148,673542_BEL_XXXYYYZZZ,673542
KBRU30149,O/L,ws-c2960-24tc-l,LAN VPN,CUSTOMER_ACCESS_SWITCH,KBRU30149,673542_BEL_XXXYYYZZZ,673542
KCTU30069,O/L,ws-c3850-48t-e,,CUSTOMER_ACCESS_WIRELESS_SWITCH,KCTU30069,"12, test",673542
KCTU30071,O/L,ws-c3850-48t-e,,CUSTOMER_ACCESS_WIRELESS_SWITCH,KCTU30071,"12, test",673542
KZNN30224,O/L,ws-c3550-48-smi,LAN VPN,CUSTOMER_ACCESS_SWITCH,KZNN30224,673542_DEU_Bonn_001,673542
KZNN30225,O/L,ws-c1912c-en,LAN VPN,CUSTOMER_ACCESS_SWITCH,KZNN30225,673542_DEU_Bonn_001,673542
KQMU1001,O/L,ws-c2960+24lc-l,IP VPN,CUSTOMER_ACCESS_SWITCH,KQMU1001,673542_FRA_Pithiviers_001,673542
PAKA01,O/L,0s912-fti/ac-2,IP VPN,ICN_CPE_ROUTER,PAKA01,ISTANBUL_000226,673542
PBOM2258,O/L,ci-cisco4431-k9,IP VPN,ICN_CPE_ROUTER,PBOM2258,CIS0124317,673542
PCPH1623,O/L,cisco3845,IP VPN,ICN_CPE_ROUTER,PCPH1623,673542_DNK_Kobenhavn_00001,673542
PHGH277,O/L,0s912-fti/ac-2,GIP IPVPN,ICN_CPE_ROUTER,PHGH277,ISTANBUL_000226,673542
PQOB019,O/L,0s912-fti/ac-2,IP VPN,ICN_CPE_ROUTER,PQOB019,673542_DEU_Eiterfeld_002,673542
SZMH03,O/L,0s912-fti/ac-2,,ICN_CUSTOMER_ROUTER,SZMH03,,673542
PKIG30003,O/L,c1111-4p,,ICN_CPE_ROUTER,PKIG30003,673542_ZAF_Cape Town_001,673542
PZNN30227,O/L,c892fsp-k9,IP VPN,ICN_CPE_ROUTER,PZNN30227,673542_DEU_Bonn_001,673542
KQMU1002,O/L,ws-c2960+24lc-l,IP VPN,CUSTOMER_ACCESS_SWITCH,KQMU1002,673542_FRA_Pithiviers_001,673542
PCKI30001,O/L,,IP VPN,ICN_CPE_ROUTER,PCKI30001,673542_AUS_Darwin City_001,673542
PBHO018,O/L,c1-cisco4431-k9,IP VPN,ICN_CPE_ROUTER,PBHO018,673542_IND_ABBB_001,673542
PCPH1657,NEW,cisco2801,,ICN_CPE_ROUTER,PCPH1657,,673542
PBOM2252,NEW,ci-cisco4431-k9,,ICN_CPE_ROUTER,PBOM2252,,673542
PBOM2267,NEW,0s912-fti/ac-2,,ICN_CPE_ROUTER,PBOM2267,,673542
PKIG30001,PLA,c1111-4p,,ICN_CPE_ROUTER,PKIG30001,673542_ZAF_Cape Town_001,673542
KMUC30096,PLA,ws-c2960-24tc-l,,CUSTOMER_ACCESS_SWITCH,KMUC30096,test,673542
PCPH1659,NEW,cisco2801,,ICN_CPE_ROUTER,PCPH1659,,673542
PBOM2261,NEW,cis-1841-3g,,ICN_CPE_ROUTER,PBOM2261,,673542
PCPH1621,NEW,cs 3745,,ICN_CPE_ROUTER,PCPH1621,,673542
PBOM2290,NEW,0s912-fti/ac-2,,ICN_CPE_ROUTER,PBOM2290,,673542
PCTU30075,NEW,c1111-4p,,ICN_CPE_ROUTER,PCTU30075,"12, test",673542
PCPH1667,NEW,cisco2801,,ICN_CPE_ROUTER,PCPH1667,,673542
PCPH1638,NEW,cisco2801,,ICN_CPE_ROUTER,PCPH1638,,673542
PCPH1665,NEW,cisco2801,,ICN_CPE_ROUTER,PCPH1665,,673542
PBOM2251,NEW,ci-cisco4431-k9,,ICN_CPE_ROUTER,PBOM2251,,673542
PBOM2250,NEW,ci-cisco4431-k9,,ICN_CPE_ROUTER,PBOM2250,,673542
PBOM2289,NEW,0s912-fti/ac-2,,ICN_CPE_ROUTER,PBOM2289,,673542
PCPH1671,NEW,cisco2801,,ICN_CPE_ROUTER,PCPH1671,,673542
PBOM2259,NEW,ci-cisco4431-k9,,ICN_CPE_ROUTER,PBOM2259,,673542
PZAX05,NEW,0s940-ft-10g/ac2,,ICN_CPE_ROUTER,PZAX05,,673542
PCPH1673,NEW,cisco2801,,ICN_CPE_ROUTER,PCPH1673,,673542
PBOM2298,PLA,virtual vpn,,ICN_CPE_ROUTER,PBOM2298,,673542
KAMS30101,PLA,ws-c3550-48-smi,,CUSTOMER_ACCESS_SWITCH,KAMS30101,test12345,673542
PCTU30073,PLA,c1111-4p,,ICN_CPE_ROUTER,PCTU30073,"12, test",673542
PBOM2238,NEW,ci-cisco4431-k9,,ICN_CPE_ROUTER,PBOM2238,,673542
PCPH1648,NEW,cisco2811,,ICN_CPE_ROUTER,PCPH1648,,673542
SNBK30029,PLA,c1111-4p,,ICN_CUSTOMER_ROUTER,SNBK30029,673542_THA_Bangkok_001,673542
PCPH1653,NEW,cisco2801,,ICN_CPE_ROUTER,PCPH1653,,673542
KPAR1418,NEW,ws-c2960+24lc-l,,CUSTOMER_ACCESS_SWITCH,KPAR1418,,673542
PCPH1655,NEW,cisco2801,,ICN_CPE_ROUTER,PCPH1655,,673542
PCPH1641,NEW,cisco2801,,ICN_CPE_ROUTER,PCPH1641,,673542
PBOM2245,NEW,ci-cisco4431-k9,,ICN_CPE_ROUTER,PBOM2245,,673542
PBOM2294,NEW,c-obs-2821-wae/k9,,ICN_CPE_ROUTER,PBOM2294,,673542
KMUC30097,PLA,ws-c3550-48-smi,,CUSTOMER_ACCESS_SWITCH,KMUC30097,test,673542
PBOM2272,NEW,0s912-fti/ac-2,,ICN_CPE_ROUTER,PBOM2272,,673542
KCTU30065,PLA,ws-c2960-24tc-l,,CUSTOMER_ACCESS_SWITCH,KCTU30065,"12, test",673542
PBBN01,NEW,0s912-fti/ac-2,,ICN_CPE_ROUTER,PBBN01,,673542
PCPH1677,NEW,cisco2801,,ICN_CPE_ROUTER,PCPH1677,,673542
PBOM2243,NEW,ci-cisco4431-k9,,ICN_CPE_ROUTER,PBOM2243,,673542
KCTU30063,PLA,ws-c1912c-en,,CUSTOMER_ACCESS_SWITCH,KCTU30063,"12, test",673542
KZNN30223,PLA,ws-c2960-24tc-l,,CUSTOMER_ACCESS_SWITCH,KZNN30223,673542_DEU_Bonn_001,673542
PBOM2280,NEW,0s912-fti/ac-2,,ICN_CPE_ROUTER,PBOM2280,,673542
PAYN01,NEW,0s912-fti/ac-2,,ICN_CPE_ROUTER,PAYN01,,673542
PBBN04,NEW,0s912-fti/ac-2,,ICN_CPE_ROUTER,PBBN04,,673542
PCPH1663,NEW,cisco2801,,ICN_CPE_ROUTER,PCPH1663,,673542
PCKI30002,PLA,,,ICN_CPE_ROUTER,PCKI30002,673542_AUS_Darwin City_001,673542
PBHO019,O/L,cisco 881-sec-k9,IP VPN,ICN_CPE_ROUTER,PBHO019,673542_IND_ABBB_001,673542
PBOM2241,NEW,ci-cisco4431-k9,,ICN_CPE_ROUTER,PBOM2241,,673542
PBOM2274,NEW,0s912-fti/ac-2,,ICN_CPE_ROUTER,PBOM2274,,673542
KCTU30061,PLA,ws-c2960-24tc-l,,CUSTOMER_ACCESS_SWITCH,KCTU30061,"12, test",673542
KMUC30095,PLA,ws-c2960-24tc-l,,CUSTOMER_ACCESS_SWITCH,KMUC30095,test,673542
PCTU30074,PLA,c1111-4p,,ICN_CPE_ROUTER,PCTU30074,"12, test",673542
SZIQ30001,NEW,c896va-k9,,ICN_CUSTOMER_ROUTER,SZIQ30001,AKIAK_000218,673542
PBOM2260,NEW,cis-1841-3g,,ICN_CPE_ROUTER,PBOM2260,,673542
PBOM2273,NEW,0s912-fti/ac-2,,ICN_CPE_ROUTER,PBOM2273,,673542
KCTU30062,PLA,ws-c3550-48-smi,,CUSTOMER_ACCESS_SWITCH,KCTU30062,"12, test",673542
KCTU30067,PLA,ws-c1912c-en,,CUSTOMER_ACCESS_SWITCH,KCTU30067,"12, test",673542
PBOM2242,NEW,ci-cisco4431-k9,,ICN_CPE_ROUTER,PBOM2242,,673542
PBOM2295,NEW,0s912-fti/ac-2,,ICN_CPE_ROUTER,PBOM2295,,673542
PDEL2770,NEW,cisco2821,,ICN_CPE_ROUTER,PDEL2770,,673542
PBOM2257,NEW,c-obs-2821-wae/k9,,ICN_CPE_ROUTER,PBOM2257,,673542
PBOM2299,NEW,c-obs-2821-wae/k9,,ICN_CPE_ROUTER,PBOM2299,,673542
PBOM2296,NEW,cisco 881-sec-k9,,ICN_CPE_ROUTER,PBOM2296,,673542
PBOM2240,NEW,ci-cisco4431-k9,,ICN_CPE_ROUTER,PBOM2240,,673542
KCTU30066,PLA,ws-c3550-48-smi,,CUSTOMER_ACCESS_SWITCH,KCTU30066,"12, test",673542
PBOM2288,NEW,0s912-fti/ac-2,,ICN_CPE_ROUTER,PBOM2288,,673542
PBOM2275,NEW,cisco 881-k9,,ICN_CPE_ROUTER,PBOM2275,,673542
PBOM2297,NEW,c-obs-2821-wae/k9,,ICN_CPE_ROUTER,PBOM2297,,673542
PBRU5509,NEW,0s912-fti/ac-2,,ICN_CPE_ROUTER,PBRU5509,,673542
KMUC30098,PLA,ws-c1912c-en,,CUSTOMER_ACCESS_SWITCH,KMUC30098,test,673542
PAKA02,NEW,0s912-fti/ac-2,,ICN_CPE_ROUTER,PAKA02,,673542
PBOM2304,NEW,c-obs-2821-wae/k9,,ICN_CPE_ROUTER,PBOM2304,,673542
PBOM2306,O/L,cisco1941/k9,IP VPN,ICN_CPE_ROUTER,PBOM2306,673542_DZA_Birtouta_001,673542
PAMD152,CEASING,0s912-fti/ac-2,LANAS,ICN_CPE_ROUTER,PAMD152,673542_IND_Ahmedabad_001,673542
KCPH1077,O/L,ws-c2960+24lc-l,IP VPN,CUSTOMER_ACCESS_SWITCH,KCPH1077,673542_DNK_Kobenhavn_00001,673542
PBOM2305,NEW,0s912-fti/ac-2,,ICN_CPE_ROUTER,PBOM2305,,673542
PARN186,NEW,0s912-fti/ac-2,,ICN_CPE_ROUTER,PARN186,,673542
PARN187,NEW,0s912-fti/ac-2,,ICN_CPE_ROUTER,PARN187,,673542
PCPH1696,O/L,cisco2821,IP VPN,ICN_CPE_ROUTER,PCPH1696,673542_DNK_Kobenhavn_00001,673542
PAGR019,NEW,0s912-fti/ac-2,,ICN_CPE_ROUTER,PAGR019,,673542
PBOM2302,NEW,0s912-fti/ac-2,,ICN_CPE_ROUTER,PBOM2302,,673542
PMAD5786,NEW,cisco881-sec-k9,,ICN_CPE_ROUTER,PMAD5786,,673542
PBBN005,NEW,0s912-fti/ac-2,,ICN_CPE_ROUTER,PBBN005,,673542
PBOM2309,NEW,0s912-fti/ac-2,,ICN_CPE_ROUTER,PBOM2309,,673542
PBOM2307,O/L,0s912-fti/ac-2,IP VPN,ICN_CPE_ROUTER,PBOM2307,CIS0124317,673542
PBOM2311,NEW,0s912-fti/ac-2,,ICN_CPE_ROUTER,PBOM2311,,673542
PBOM2310,NEW,0s912-fti/ac-2,,ICN_CPE_ROUTER,PBOM2310,,673542
PBBN006,NEW,0s912-fti/ac-2,,ICN_CPE_ROUTER,PBBN006,,673542
PBOM2313,PLA,0s912-fti/ac-2,,ICN_CPE_ROUTER,PBOM2313,,673542
PBOM2312,NEW,0s912-fti/ac-2,,ICN_CPE_ROUTER,PBOM2312,,673542
PBOM2314,O/L,cisco 881-k9,IP VPN,ICN_CPE_ROUTER,PBOM2314,673542_IND_Mumbai_00007,673542
PSCH016,NEW,0s912-fti/ac-2,,ICN_CPE_ROUTER,PSCH016,,673542
KBOM1239,PLA,air-cap1552h-b-k9,,CUSTOMER_ACCESS_SWITCH,KBOM1239,,673542
PBOM2320,NEW,0s912-fti/ac-2,,ICN_CPE_ROUTER,PBOM2320,,673542
PLON10230,NEW,0s912-fti/ac-2,,ICN_CPE_ROUTER,PLON10230,,673542
PNAY013,NEW,0s912-fti/ac-2,,ICN_CPE_ROUTER,PNAY013,,673542
PLON10237,O/L,0s912-fti/ac-2,IP VPN,ICN_CPE_ROUTER,PLON10237,673542_USA_Franklin_002,673542
KCPH1078,NEW,ws-c2960+24lc-l,,CUSTOMER_ACCESS_SWITCH,KCPH1078,,673542
PBAV006,NEW,0s912-fti/ac-2,,ICN_CPE_ROUTER,PBAV006,,673542
PBOM2331,NEW,0s912-fti/ac-2,,ICN_CPE_ROUTER,PBOM2331,,673542
PCTU526,O/L,cisco2811-srst/k9,IP VPN,ICN_CPE_ROUTER,PCTU526,"12, test",673542
PBOM2327,O/L,cisco 881-k9,IP VPN,ICN_CPE_ROUTER,PBOM2327,673542_IND_Mumbai_00007,673542
PLON10231,NEW,0s912-fti/ac-2,,ICN_CPE_ROUTER,PLON10231,,673542
PBOM2318,O/L,c1-cisco4431-k9,IP VPN,ICN_CPE_ROUTER,PBOM2318,673542_IND_Mumbai_00007,673542
PBOM2321,NEW,0s912-fti/ac-2,,ICN_CPE_ROUTER,PBOM2321,,673542
PACI002,NEW,0s912-fti/ac-2,,ICN_CPE_ROUTER,PACI002,,673542
PCPH1705,NEW,cisco2811,,ICN_CPE_ROUTER,PCPH1705,,673542
PBOM2328,NEW,0s912-fti/ac-2,,ICN_CPE_ROUTER,PBOM2328,,673542
PSCH017,O/L,0s912-fti/ac-2,IP VPN,ICN_CPE_ROUTER,PSCH017,673542_USA_Amsterdam_00001,673542
PAKA004,NEW,0s912-fti/ac-2,,ICN_CPE_ROUTER,PAKA004,,673542
PBOM2326,NEW,0s912-fti/ac-2,,ICN_CPE_ROUTER,PBOM2326,,673542
PBOM2330,PLA,virtual vpn,,ICN_CPE_ROUTER,PBOM2330,,673542
PBHY010,NEW,0s912-fti/ac-2,,ICN_CPE_ROUTER,PBHY010,,673542
PBOM2325,NEW,0s912-fti/ac-2,,ICN_CPE_ROUTER,PBOM2325,,673542
PBOM2317,PLA,0s912-fti/ac-2,,ICN_CPE_ROUTER,PBOM2317,,673542
PCTU525,O/L,cisco2811-srst/k9,IP VPN,ICN_CPE_ROUTER,PCTU525,"12, test",673542
PBOM2322,O/L,0s912-fti/ac-2,GIP IPVPN,ICN_CPE_ROUTER,PBOM2322,CIS0124317,673542
KCPH1079,NEW,ws-c2960+24lc-l,,CUSTOMER_ACCESS_SWITCH,KCPH1079,,673542
PGWA001,NEW,0s912-fti/ac-2,,ICN_CPE_ROUTER,PGWA001,,673542
KBOM1242,PLA,air-cap1552h-b-k9,,CUSTOMER_ACCESS_SWITCH,KBOM1242,,673542
PBOM2353,O/L,0s912-fti/ac-2,IP VPN,ICN_CPE_ROUTER,PBOM2353,CIS0124317,673542
PBPX001,O/L,0s912-fti/ac-2,IP VPN,ICN_CPE_ROUTER,PBPX001,673542_CHN_Chengdu_00002,673542
ACTU30068,PLA,air-ap1141n-a-k9,,WIRELESS_ACCESS_POINT,ACTU30068,"12, test",673542
PBOM2345,PLA,0s912-fti/ac-2,,ICN_CPE_ROUTER,PBOM2345,,673542
PBOM2337,NEW,0s912-fti/ac-2,,ICN_CPE_ROUTER,PBOM2337,,673542
AAMS30100,PLA,air-ap1230b-e-k9,,WIRELESS_ACCESS_POINT,AAMS30100,test12345,673542
PBOM2346,NEW,0s912-fti/ac-2,,ICN_CPE_ROUTER,PBOM2346,,673542
PBOM2333,O/L,0s912-fti/ac-2,IP VPN,ICN_CPE_ROUTER,PBOM2333,CIS0124317,673542
PBOM2335,NEW,0s912-fti/ac-2,,ICN_CPE_ROUTER,PBOM2335,,673542
PBOM2344,O/L,0s912/ac-2,IP VPN,ICN_CPE_ROUTER,PBOM2344,CIS0124317,673542
ACTU30070,PLA,air-ap2802i-e-k9,,WIRELESS_ACCESS_POINT,ACTU30070,"12, test",673542
PBOM2351,NEW,0s912-fti/ac-2,,ICN_CPE_ROUTER,PBOM2351,,673542
PAMS2908,O/L,cisco2951-v/k9,IP VPN,ICN_CPE_ROUTER,PAMS2908,Netherland,673542
PBOM2338,NEW,0s912-fti/ac-2,,ICN_CPE_ROUTER,PBOM2338,,673542
ACTU30072,PLA,air-ap2802i-e-k9,,WIRELESS_ACCESS_POINT,ACTU30072,"12, test",673542
PBOM2334,O/L,0s912-fti/ac-2,IP VPN,ICN_CPE_ROUTER,PBOM2334,,673542
PBOM2352,NEW,0s912-fti/ac-2,,ICN_CPE_ROUTER,PBOM2352,,673542
PBOM2354,CEASING,0s912-fti/ac-2,,ICN_CPE_ROUTER,PBOM2354,,673542
PAMS2909,PLA,cisco2951-v/k9,,ICN_CPE_ROUTER,PAMS2909,,673542
PLON10242,NEW,0s912-fti/ac-2,,ICN_CPE_ROUTER,PLON10242,,673542
PBOM2347,NEW,0s912-fti/ac-2,,ICN_CPE_ROUTER,PBOM2347,,673542
PBOM2336,NEW,0s912-fti/ac-2,,ICN_CPE_ROUTER,PBOM2336,,673542
ACTU30064,PLA,air-ap1141n-a-k9,,WIRELESS_ACCESS_POINT,ACTU30064,"12, test",673542
PBOM2339,O/L,0s912-fti/ac-2,IP VPN,ICN_CPE_ROUTER,PBOM2339,673542_IND_Mumbai_00007,673542
PBOM2341,PLA,virtual vpn,,ICN_CPE_ROUTER,PBOM2341,,673542
PDEL2805,NEW,vedge-2000-ac-k9,,ICN_CPE_ROUTER,PDEL2805,,673542
PAMS2903,PLA,cisco2951-v/k9,,ICN_CPE_ROUTER,PAMS2903,,673542
PBOM2350,NEW,0s912-fti/ac-2,,ICN_CPE_ROUTER,PBOM2350,,673542
PBOM2316,NEW,0s912-fti/ac-2,,ICN_CPE_ROUTER,PBOM2316,,673542
PBBN008,NEW,0s912/ac-2,,ICN_CPE_ROUTER,PBBN008,,673542
PALL022,NEW,0s912-fti/ac-2,,ICN_CPE_ROUTER,PALL022,,673542
PBOM2332,NEW,0s912-fti/ac-2,,ICN_CPE_ROUTER,PBOM2332,,673542
PAMS2906,PLA,cisco2951-v/k9,,ICN_CPE_ROUTER,PAMS2906,,673542
PBOM2343,NEW,0s912-fti/ac-2,,ICN_CPE_ROUTER,PBOM2343,,673542
PBOM2364,NEW,0s912-fti/ac-2,,ICN_CPE_ROUTER,PBOM2364,,673542
PBOM2359,PLA,0s912-fti/ac-2,,ICN_CPE_ROUTER,PBOM2359,,673542
PCPH1719,NEW,cisco2821,,ICN_CPE_ROUTER,PCPH1719,,673542
PBOM2358,O/L,cisco1941-sec/k9,IP VPN,ICN_CPE_ROUTER,PBOM2358,CIS0124317,673542
PBOM2365,NEW,0s912-fti/ac-2,,ICN_CPE_ROUTER,PBOM2365,,673542
PBOM2357,NEW,0s912-fti/ac-2,,ICN_CPE_ROUTER,PBOM2357,,673542
PBOM2363,NEW,0s912-fti/ac-2,,ICN_CPE_ROUTER,PBOM2363,,673542
PBOM2355,NEW,0s912-fti/ac-2,,ICN_CPE_ROUTER,PBOM2355,,673542
KEZE30056,PLA,ws-c2960-24tc-l,,CUSTOMER_ACCESS_SWITCH,KEZE30056,673542_ARG_Chivilcoy_001,673542
PBAV007,NEW,0s912-fti/ac-2,,ICN_CPE_ROUTER,PBAV007,,673542
PBOM2367,O/L,cisco1941-sec/k9,IP VPN,ICN_CPE_ROUTER,PBOM2367,CIS0124317,673542
KCPH1080,NEW,ws-c2960+24lc-l,,CUSTOMER_ACCESS_SWITCH,KCPH1080,,673542
PCTU30092,PLA,c892fsp-k9,,ICN_CPE_ROUTER,PCTU30092,"12, test",673542
PBOM2356,NEW,0s912-fti/ac-2,,ICN_CPE_ROUTER,PBOM2356,,673542
PBOM2405,NEW,0s912-fti/ac-2,,ICN_CPE_ROUTER,PBOM2405,,673542
PCTU543,NEW,0s912-fti/ac-2,,ICN_CPE_ROUTER,PCTU543,,673542
PARW050,NEW,0s912-fti/ac-2,,ICN_CPE_ROUTER,PARW050,,673542
PBOM2394,NEW,0s912/ac-2,,ICN_CPE_ROUTER,PBOM2394,,673542
PBOM2388,O/L,cisco1941-sec/k9,IP VPN,ICN_CPE_ROUTER,PBOM2388,673542_IND_Mumbai_00007,673542
PBOM2371,PLA,0s912-fti/ac-2,,ICN_CPE_ROUTER,PBOM2371,,673542
PGVA1804,PLA,ci-cisco4431-k9,,ICN_CPE_ROUTER,PGVA1804,,673542
PBOM2374,NEW,0s912/ac-2,,ICN_CPE_ROUTER,PBOM2374,,673542
PCPH1734,O/L,vedge-1000-ac,SDWAN,ICN_CPE_ROUTER,PCPH1734,673542_DNK_Kobenhavn_00001,673542
PBOM2400,NEW,cisco1941-sec/k9,,ICN_CPE_ROUTER,PBOM2400,,673542
PBOM2408,NEW,0s912-fti/ac-2,,ICN_CPE_ROUTER,PBOM2408,,673542
PBOM2380,NEW,0s912-fti/ac-2,,ICN_CPE_ROUTER,PBOM2380,,673542
PDEL2824,NEW,0s912-fti/ac-2,,ICN_CPE_ROUTER,,,673542
PBOM2392,CEASING,0s912-fti/ac-2,,ICN_CPE_ROUTER,PBOM2392,,673542
PBOM2406,NEW,0s912/ac-2,,ICN_CPE_ROUTER,PBOM2406,,673542
PBOM2396,O/L,cisco1941-sec/k9,IP VPN,ICN_CPE_ROUTER,PBOM2396,,673542
KCPH1081,NEW,ws-c2960+24lc-l,,CUSTOMER_ACCESS_SWITCH,KCPH1081,,673542
PBOM2399,O/L,cisco1941-sec/k9,IP VPN,ICN_CPE_ROUTER,PBOM2399,,673542
PGVA1802,NEW,cis-1841-3g,,ICN_CPE_ROUTER,PGVA1802,,673542
PBOM2373,NEW,0s912/ac-2,,ICN_CPE_ROUTER,PBOM2373,,673542
PWUH287,NEW,0s912-fti/ac-2,,ICN_CPE_ROUTER,PWUH287,,673542
PBOM2390,CEASING,0s912-fti/ac-2,,ICN_CPE_ROUTER,PBOM2390,,673542
PBOM2379,NEW,0s912/ac-2,,ICN_CPE_ROUTER,PBOM2379,,673542
PBOM2395,NEW,0s912/ac-2,,ICN_CPE_ROUTER,PBOM2395,,673542
PBOM2386,NEW,0s912-fti/ac-2,,ICN_CPE_ROUTER,PBOM2386,,673542
